filename,width,height,class,xmin,ymin,xmax,ymax
115_jpg.rf.d22a828f112e59c0655a65044b801398.jpg,640,640,tear,236,286,309,369
115_jpg.rf.d22a828f112e59c0655a65044b801398.jpg,640,640,tear,145,293,197,374
142_jpg.rf.d3164cae83267cfbb053576a102c4802.jpg,640,640,tear,222,203,289,316
142_jpg.rf.d3164cae83267cfbb053576a102c4802.jpg,640,640,tear,361,180,402,293
43_jpg.rf.d2baf3752bb5c90dca066e83ae1a62b6.jpg,640,640,tear,434,409,554,582
43_jpg.rf.d2baf3752bb5c90dca066e83ae1a62b6.jpg,640,640,tear,461,221,512,333
167_jpg.rf.d7475c32cfa072328d9635d2d698fde4.jpg,640,640,tear,278,362,326,401
220_png_jpg.rf.d71a9161cb576a4582686fcff37e1149.jpg,640,640,tear,257,329,299,346
220_png_jpg.rf.d71a9161cb576a4582686fcff37e1149.jpg,640,640,tear,329,320,356,337
148_jpg.rf.d2eccab5124f309870cd9dddd2cc494c.jpg,640,640,tear,215,408,335,515
62_jpg.rf.d65fd18abcfcf492444a4450e8bc83c8.jpg,640,640,tear,267,320,350,458
62_jpg.rf.d65fd18abcfcf492444a4450e8bc83c8.jpg,640,640,tear,139,241,342,307
221_png_jpg.rf.d368a76d864054e2c5a5b41b9c7e4f05.jpg,640,640,tear,237,315,269,327
98_jpg.rf.d49fc4f9003024160763993e1450d421.jpg,640,640,tear,230,307,341,423
98_jpg.rf.d49fc4f9003024160763993e1450d421.jpg,640,640,tear,355,257,392,394
123_jpg.rf.d7dadd173bf0cab900a6b1b2549e47c2.jpg,640,640,tear,273,378,365,408
123_jpg.rf.d7dadd173bf0cab900a6b1b2549e47c2.jpg,640,640,tear,393,224,426,324
140_jpg.rf.d421665feeec9b3aff6ce47e5ab799ae.jpg,640,640,tear,351,256,397,355
33_jpg.rf.d7a966b94d50835b60f8d2a7233e87df.jpg,640,640,tear,192,309,280,402
73_jpg.rf.d79c58f5f83f8b7b4a181d9d5a671632.jpg,640,640,tear,265,411,389,452
74_jpg.rf.d47fc255d3c60737310581b11b0db4d5.jpg,640,640,tear,246,354,373,413
311_jpg.rf.d3668023e9690e10672c2badf8fa71b0.jpg,640,640,tear,203,140,221,244
221_png_jpg.rf.d615fb3b4e289f857e8f41a6ca349255.jpg,640,640,tear,237,315,269,327
214_png_jpg.rf.d79e806becf5a1301ca4e4f09898ce09.jpg,640,640,tear,277,306,296,328
220_png_jpg.rf.d64aa456e0d67834b2b68b4b0fc9d3c6.jpg,640,640,tear,257,329,299,346
220_png_jpg.rf.d64aa456e0d67834b2b68b4b0fc9d3c6.jpg,640,640,tear,329,320,356,337
116_jpg.rf.d81a32d15178747267d4c9c204302587.jpg,640,640,tear,305,354,493,464
8_jpg.rf.d5ba68b4740b257b9975aa2b36740775.jpg,640,640,tear,314,274,375,306
21_jpg.rf.d4f9070e4878f0daedb0163f9a5a6155.jpg,640,640,tear,301,298,341,402
237_png_jpg.rf.d348fd323fb8483372d82427ea5b0649.jpg,640,640,tear,474,332,526,339
237_png_jpg.rf.d348fd323fb8483372d82427ea5b0649.jpg,640,640,tear,521,322,553,333
140_jpg.rf.d7ed920ef706f3d76b6dc64aa38a6bf7.jpg,640,640,tear,313,356,370,450
117_jpg.rf.d80b15a4cb5c0e403be64fd488c9b61c.jpg,640,640,tear,265,290,358,432
117_jpg.rf.d80b15a4cb5c0e403be64fd488c9b61c.jpg,640,640,tear,423,254,452,378
3_jpg.rf.d4b882722cc199744d2258087d3e91e8.jpg,640,640,tear,356,351,465,415
116_jpg.rf.d83d42c94f1a48bffd737fb32433111a.jpg,640,640,tear,288,296,413,365
142_jpg.rf.da6ebcb1e73ab2898244d1eaec1f339e.jpg,640,640,tear,364,251,401,363
191_jpg.rf.dcf02be6c2a9745e854fc46d6f158c55.jpg,640,640,tear,281,232,336,262
191_jpg.rf.dcf02be6c2a9745e854fc46d6f158c55.jpg,640,640,tear,265,129,300,191
8_jpg.rf.d8c57b61e55cef8fb33fd14d28ed09ca.jpg,640,640,tear,314,274,375,306
106_jpg.rf.d9b411eac8e95177346ea63a2379520e.jpg,640,640,tear,388,310,432,411
106_jpg.rf.d9b411eac8e95177346ea63a2379520e.jpg,640,640,tear,317,350,362,454
106_jpg.rf.d9b411eac8e95177346ea63a2379520e.jpg,640,640,tear,276,412,323,440
164_jpg.rf.d9b9ca526a4d960558a7fbcb9bfb0bf9.jpg,640,640,tear,347,392,388,470
164_jpg.rf.d9b9ca526a4d960558a7fbcb9bfb0bf9.jpg,640,640,tear,329,500,372,524
197_jpg.rf.ddf0d3583b99011ad1b0edce507a4e0b.jpg,640,640,tear,309,270,369,296
197_jpg.rf.ddf0d3583b99011ad1b0edce507a4e0b.jpg,640,640,tear,339,169,352,201
10_jpg.rf.dad067802205275915b8e0f7453a11fe.jpg,640,640,tear,193,378,310,406
57_jpg.rf.de233aec39d89fec8c82500ef4b3ff60.jpg,640,640,tear,325,367,360,403
57_jpg.rf.de233aec39d89fec8c82500ef4b3ff60.jpg,640,640,tear,207,320,256,367
73_jpg.rf.d9600112ac0c7b306624b23dcb95d049.jpg,640,640,tear,265,411,389,452
230_png_jpg.rf.da64877e4bae5ae34903e0ec580dcace.jpg,640,640,tear,267,305,289,326
149_jpg.rf.d8540053ad8e194ff735f090ef14f2d2.jpg,640,640,tear,156,398,316,519
266_jpg.rf.d8c2f91fb78cf86d5f4844b46e4bde16.jpg,640,640,tear,278,185,312,408
266_jpg.rf.d8c2f91fb78cf86d5f4844b46e4bde16.jpg,640,640,tear,332,294,358,447
68_jpg.rf.daa374a282c9df8d50fb89071a12d893.jpg,640,640,tear,145,214,350,305
68_jpg.rf.daa374a282c9df8d50fb89071a12d893.jpg,640,640,tear,271,413,342,444
107_jpg.rf.dc86e34ccea79d318ef3c725cfde37c8.jpg,640,640,tear,250,422,361,475
311_jpg.rf.d933522faaad5fc7d385fcbe0066fa9a.jpg,640,640,tear,203,140,221,244
247_jpg.rf.dcc1249ceb78ef2cf163078200d2dfaa.jpg,640,640,tear,357,272,392,367
303_jpg.rf.d98f0fd3a4cfe232117a34fd3c809504.jpg,640,640,tear,311,309,340,393
204_jpg.rf.dbb6a6e6f936b73ea491b4b344c61fc0.jpg,640,640,tear,203,344,225,449
154_jpg.rf.ddbd531dae15596fde9f71fad0771d45.jpg,640,640,tear,216,301,272,322
107_jpg.rf.d9d441be79599a0b537d123cf21be93c.jpg,640,640,tear,342,294,431,381
49_jpg.rf.df20b45e7033dfbe59823f5ba3916972.jpg,640,640,tear,179,202,375,275
49_jpg.rf.df20b45e7033dfbe59823f5ba3916972.jpg,640,640,tear,182,271,247,372
158_jpg.rf.e079009b2d0ba1d3cfff946543a1ba6b.jpg,640,640,tear,276,290,329,330
20_jpg.rf.dc41ee5d977469b0333b0afd557708b0.jpg,640,640,tear,301,287,343,395
130_jpg.rf.db4590b2bca3234a31c622910ea2883f.jpg,640,640,tear,258,312,371,354
19_jpg.rf.e09c913a5c67b4545ee90de212bb2370.jpg,640,640,tear,284,312,329,432
173_jpg.rf.e10f8f7e61030d940a57b589ed9791f8.jpg,640,640,tear,286,344,367,376
34_jpg.rf.e12a9a9a1362873a69d9ecef63dc6f66.jpg,640,640,tear,363,430,491,507
34_jpg.rf.e12a9a9a1362873a69d9ecef63dc6f66.jpg,640,640,tear,179,162,406,307
324_jpg.rf.e19781632e6c742bde4df1183a9f0d4e.jpg,640,640,tear,341,433,388,467
128_jpg.rf.ddb1cd89f732b4bcda505e2254869ebb.jpg,640,640,tear,278,135,411,268
226_png_jpg.rf.e52aa6b8800a299e729f8e71d83b946e.jpg,640,640,tear,333,360,347,364
226_png_jpg.rf.e52aa6b8800a299e729f8e71d83b946e.jpg,640,640,tear,352,336,365,347
90_jpg.rf.e1ba0a82945721272b14337ac01c6669.jpg,640,640,tear,205,147,303,302
321_jpg.rf.e065944661ada0bc90549b16dc0a1830.jpg,640,640,tear,239,436,345,482
36_jpg.rf.e1b03e14a3fc02a5b68a0316212e98e2.jpg,640,640,tear,217,236,421,470
30_jpg.rf.e3e859f75cb10b7981d09d41c77f1c5d.jpg,640,640,tear,276,379,413,419
325_jpg.rf.e589de6e935e07443b21d486801c26d1.jpg,640,640,tear,315,318,357,377
75_jpg.rf.e46589373ba7475b5e8cd7a23a3f5e8b.jpg,640,640,tear,222,338,247,422
75_jpg.rf.e46589373ba7475b5e8cd7a23a3f5e8b.jpg,640,640,tear,334,422,391,472
111_jpg.rf.e4ca4849f788425f4b64f41d3bb0ac73.jpg,640,640,tear,181,116,447,271
309_jpg.rf.e2d273f39b6971de5823e54974cbdd2c.jpg,640,640,tear,239,409,328,470
333_jpg.rf.e369024d8bcc96d706eeb8de6215450e.jpg,640,640,tear,169,115,230,350
333_jpg.rf.e369024d8bcc96d706eeb8de6215450e.jpg,640,640,tear,228,340,322,541
108_jpg.rf.e30abbf33a0895a0a014e07f2705c66d.jpg,640,640,tear,204,234,377,310
31_jpg.rf.e468ee10e41fcdb769babe184afd66f0.jpg,640,640,tear,135,374,225,463
109_jpg.rf.e7b7ff50e3914fbf89d1e7afd3770104.jpg,640,640,tear,263,234,334,298
112_jpg.rf.e708cf4979449380f4d7f856ad8a1693.jpg,640,640,tear,181,119,402,324
223_png_jpg.rf.e1ad32ef51d2d5fa5e9153d339fc203c.jpg,640,640,tear,236,342,268,347
218_png_jpg.rf.e1bb7f284d03712316096874f1b0a59b.jpg,640,640,tear,300,331,346,353
218_png_jpg.rf.e1bb7f284d03712316096874f1b0a59b.jpg,640,640,tear,401,328,422,346
63_jpg.rf.e5eef38e5d72a8b33a2a5540d9b96add.jpg,640,640,tear,159,268,368,342
63_jpg.rf.e5eef38e5d72a8b33a2a5540d9b96add.jpg,640,640,tear,155,439,349,470
320_jpg.rf.e36d58cf85d8b8d52f22e61460d2c2df.jpg,640,640,tear,255,285,287,370
334_jpg.rf.e4ba4ea33dacd9e5a1a58ab06ab79687.jpg,640,640,tear,295,302,371,443
334_jpg.rf.e4ba4ea33dacd9e5a1a58ab06ab79687.jpg,640,640,tear,245,81,366,151
45_jpg.rf.e6ca227876ccd49b14e962d16f637fd4.jpg,640,640,tear,203,391,393,448
42_jpg.rf.e7f5edd98c9d894f63cb4db2e6d3c9a9.jpg,640,640,tear,113,353,252,431
307_jpg.rf.e8181e28d2de96d64eb98c282856548d.jpg,640,640,tear,327,445,396,478
307_jpg.rf.e8181e28d2de96d64eb98c282856548d.jpg,640,640,tear,310,312,381,337
140_jpg.rf.dd3d49d2080deb9797b62e2f06647c9a.jpg,640,640,tear,351,256,397,355
106_jpg.rf.e821ca2619796ad66f403ac3cf95f058.jpg,640,640,tear,208,402,420,483
231_png_jpg.rf.e7fa4ecd2933d6ad659a532decd4b04f.jpg,640,640,tear,275,298,307,327
236_png_jpg.rf.e944b85e3bdcc26eebaaa3fa2c238f3e.jpg,640,640,tear,485,333,544,342
125_jpg.rf.e71301c4cf05d712d6dea4694d3b89db.jpg,640,640,tear,272,434,382,480
308_jpg.rf.e8706a255e351eee98443d562d08f93f.jpg,640,640,tear,244,401,328,463
77_jpg.rf.e7e84944fc5ccfd744967a684fcd47d7.jpg,640,640,tear,343,352,397,389
77_jpg.rf.e7e84944fc5ccfd744967a684fcd47d7.jpg,640,640,tear,392,434,424,470
77_jpg.rf.e7e84944fc5ccfd744967a684fcd47d7.jpg,640,640,tear,221,355,307,420
273_jpg.rf.e965bbf929e7e40303cdddd0f350b36d.jpg,640,640,tear,299,109,331,259
136_jpg.rf.e9355e15dc7c7f0a2b9b4bd78e6bf933.jpg,640,640,tear,336,311,367,375
136_jpg.rf.e9355e15dc7c7f0a2b9b4bd78e6bf933.jpg,640,640,tear,249,384,359,414
104_jpg.rf.e8c4416432510fb1a66b6830e61fbc73.jpg,640,640,tear,331,291,477,419
142_jpg.rf.ee34044a0511447d94397661f2a568f2.jpg,640,640,tear,364,251,401,363
118_jpg.rf.eb6632f52e3f4bc2d72abbe9f37a6849.jpg,640,640,tear,314,386,415,531
183_jpg.rf.ebaa01a7671f0adc10b494fce038a845.jpg,640,640,tear,335,418,356,486
1_jpg.rf.e8fd4c7936e01c8ee756fc5035d00939.jpg,640,640,tear,275,334,339,414
185_jpg.rf.eba6b30d2f75efe63a5f332ad2acaad4.jpg,640,640,tear,271,260,301,313
129_jpg.rf.ebd92b866895954d831e03b9064ed5af.jpg,640,640,tear,371,244,415,328
22_jpg.rf.ed972d47d9084e3d8e154b0c99a9efeb.jpg,640,640,tear,395,312,451,430
165_jpg.rf.ee6d54b80b6630f3382b7e2c02d34d2a.jpg,640,640,tear,314,321,358,346
189_jpg.rf.ed8351b79e22dc4d4832ff878a223762.jpg,640,640,tear,237,219,257,255
227_png_jpg.rf.ee916c02312cb8a00b9be3b2fcc6f41a.jpg,640,640,tear,248,316,276,337
206_jpg.rf.eee001d2de009239203ab7eec3781b6d.jpg,640,640,tear,303,370,348,447
68_jpg.rf.edebfeb6c6e13a41e72b15c939c6a848.jpg,640,640,tear,145,214,350,305
68_jpg.rf.edebfeb6c6e13a41e72b15c939c6a848.jpg,640,640,tear,271,413,342,444
41_jpg.rf.ed52b68c9ef51b7ad06ce7efdfb11f51.jpg,640,640,tear,166,346,279,388
206_jpg.rf.ee99f2b8fe61c876bbfc1f4c3a3a7fa5.jpg,640,640,tear,303,370,348,447
122_jpg.rf.ee7e5b612b97da83656132467e550bd0.jpg,640,640,tear,202,227,318,341
122_jpg.rf.ee7e5b612b97da83656132467e550bd0.jpg,640,640,tear,390,221,420,336
313_jpg.rf.ef641f62f25806e67be9d913a56c1b5c.jpg,640,640,tear,306,110,327,251
76_jpg.rf.ef0cee14959e663aad39dcc256c31ecf.jpg,640,640,tear,413,399,446,437
76_jpg.rf.ef0cee14959e663aad39dcc256c31ecf.jpg,640,640,tear,364,336,413,372
76_jpg.rf.ef0cee14959e663aad39dcc256c31ecf.jpg,640,640,tear,240,332,288,394
199_jpg.rf.f3df857bf93161d9166d8302298b30c5.jpg,640,640,tear,283,372,346,414
216_png_jpg.rf.f1c7ccfad7f0322765d708518b05102b.jpg,640,640,tear,297,321,335,337
138_jpg.rf.e96541df02729fa774844063cafb8553.jpg,640,640,tear,293,239,349,286
138_jpg.rf.e96541df02729fa774844063cafb8553.jpg,640,640,tear,378,267,427,378
38_jpg.rf.f2cbcc8dc7e8398007587b863336d22a.jpg,640,640,tear,158,395,287,574
38_jpg.rf.f2cbcc8dc7e8398007587b863336d22a.jpg,640,640,tear,303,514,529,588
38_jpg.rf.f2cbcc8dc7e8398007587b863336d22a.jpg,640,640,tear,453,339,486,445
64_jpg.rf.f4b0dd78bd3eee590fd89a9d57c6dd0c.jpg,640,640,tear,239,265,473,341
43_jpg.rf.f08c729f0b9130d677644fef0633d24e.jpg,640,640,tear,149,369,292,435
121_jpg.rf.f62a00b5e9cb756568d7cb123fe16a1e.jpg,640,640,tear,79,364,330,536
307_jpg.rf.f76fe9835e184fea1023f1a0c60840a0.jpg,640,640,tear,327,445,396,478
307_jpg.rf.f76fe9835e184fea1023f1a0c60840a0.jpg,640,640,tear,310,312,381,337
93_jpg.rf.f371531586bf35bba426a601b549234d.jpg,640,640,tear,203,134,382,184
320_jpg.rf.f0bd7397e88a0cb8b015443bac14ca12.jpg,640,640,tear,255,285,287,370
213_png_jpg.rf.f51e79a4427228f4b160c4563f0dd955.jpg,640,640,tear,299,319,334,333
32_jpg.rf.f4d66e02d0d3f361f8d3b850b98d1aff.jpg,640,640,tear,379,149,512,294
32_jpg.rf.f4d66e02d0d3f361f8d3b850b98d1aff.jpg,640,640,tear,222,202,286,355
32_jpg.rf.f7638f07bdc6346e032ee114b23ea88e.jpg,640,640,tear,173,329,227,378
11_jpg.rf.ef56a29db96470d3952fa6582d9c36a1.jpg,640,640,tear,131,362,253,395
325_jpg.rf.f4df57b12f981d88a0a384ca35661e34.jpg,640,640,tear,315,318,357,377
39_jpg.rf.f0e882e447c64243a38fd94689eac2a4.jpg,640,640,tear,400,408,500,514
126_jpg.rf.f8b5fc1938504838600a323b920c4ab8.jpg,640,640,tear,305,368,380,575
18_jpg.rf.ef7da76b66e97cba789aea50237b2a31.jpg,640,640,tear,174,184,241,348
18_jpg.rf.ef7da76b66e97cba789aea50237b2a31.jpg,640,640,tear,223,398,337,501
35_jpg.rf.f1c212f70c711f1e8e21ff1da2e49bca.jpg,640,640,tear,335,375,455,418
56_jpg.rf.ee592223aefc98b289f3636c63433ba4.jpg,640,640,tear,180,334,383,380
56_jpg.rf.ee592223aefc98b289f3636c63433ba4.jpg,640,640,tear,168,189,226,317
307_jpg.rf.f05cc8849602f5517af7a5f60d7d8cbb.jpg,640,640,tear,327,445,396,478
307_jpg.rf.f05cc8849602f5517af7a5f60d7d8cbb.jpg,640,640,tear,310,312,381,337
152_jpg.rf.f42efbbb83167e15edffb2ea5fba4fd5.jpg,640,640,tear,318,388,341,446
95_jpg.rf.f81bb809589a1d3765c127cc68b6a88f.jpg,640,640,tear,238,233,312,330
95_jpg.rf.f81bb809589a1d3765c127cc68b6a88f.jpg,640,640,tear,384,204,424,285
328_jpg.rf.f9592e9ea0c225ba786f8f753cb3fb24.jpg,640,640,tear,282,287,331,340
51_jpg.rf.f8cc6c8f6ff50c91a2f53ab39343913a.jpg,640,640,tear,209,304,296,405
130_jpg.rf.fc0e4be304584aa78328838a3c3f4d59.jpg,640,640,tear,283,184,389,322
103_jpg.rf.f96752d051f3f4b47e5beced4b321e1c.jpg,640,640,tear,228,446,380,520
51_jpg.rf.f9b74605d66cf672c35d78fd7d63f543.jpg,640,640,tear,209,304,296,405
55_jpg.rf.f6568380e8f17f1813233f0598e22b7b.jpg,640,640,tear,71,421,254,466
55_jpg.rf.f6568380e8f17f1813233f0598e22b7b.jpg,640,640,tear,58,241,154,377
124_jpg.rf.fb19702e37db51888e4c3336c2ee9b40.jpg,640,640,tear,275,493,393,523
124_jpg.rf.fb19702e37db51888e4c3336c2ee9b40.jpg,640,640,tear,236,340,337,473
302_jpg.rf.f8f4c9c32d8d508de19e2fae70cc16df.jpg,640,640,tear,331,427,380,454
57_jpg.rf.f9b83307099f7bb96ae9fe4cf2ece549.jpg,640,640,tear,325,367,360,403
57_jpg.rf.f9b83307099f7bb96ae9fe4cf2ece549.jpg,640,640,tear,207,320,256,367
35_jpg.rf.f84e4368a1ac455129842ab1c56bd609.jpg,640,640,tear,335,375,455,418
24_jpg.rf.fbf34b81c2ef0fd7f00ebc06af8c3384.jpg,640,640,tear,157,387,204,512
24_jpg.rf.fbf34b81c2ef0fd7f00ebc06af8c3384.jpg,640,640,tear,303,431,358,502
136_jpg.rf.fc6b02f98eebb157ab82dcc10c04cf85.jpg,640,640,tear,232,358,415,549
251_jpg.rf.fd2ad0c02b965cf89dbb42969be22615.jpg,640,640,tear,374,255,423,343
33_jpg.rf.fa5cd8a34d1b8bfd7fc5d558b3de9dfd.jpg,640,640,tear,192,309,280,402
261_jpg.rf.fc15ab2ff65abeb4dffedbfcd3f8ad3c.jpg,640,640,tear,469,309,559,428
269_jpg.rf.fcf26d655ff63e5881f9ed09b4152125.jpg,640,640,tear,407,354,490,422
269_jpg.rf.fcf26d655ff63e5881f9ed09b4152125.jpg,640,640,tear,522,354,588,407
114_jpg.rf.ff15e17689b0516a06f7ee61ed057b9c.jpg,640,640,tear,270,272,387,330
270_jpg.rf.fe8dd00186c08fad45406ca7538ba19a.jpg,640,640,tear,412,317,586,397
137_jpg.rf.fd522996a155d64b4964c4f38f956340.jpg,640,640,tear,279,239,308,387
137_jpg.rf.fd522996a155d64b4964c4f38f956340.jpg,640,640,tear,333,351,365,466
72_jpg.rf.fda42410ca5cc31f1ad3da231f9fbc29.jpg,640,640,tear,175,339,353,394
125_jpg.rf.fff9b2b3290811d1c557f945189607b2.jpg,640,640,tear,321,186,479,323
215_png_jpg.rf.ff3cb39f37b9c87877e1ab118cebb0f3.jpg,640,640,tear,331,321,352,330
215_png_jpg.rf.ff3cb39f37b9c87877e1ab118cebb0f3.jpg,640,640,tear,367,323,384,333
24_jpg.rf.fe2079862396f5239b93c290c0edb270.jpg,640,640,tear,209,343,390,394
139_jpg.rf.fc4b16483175e8819612e7ccce4ad9f5.jpg,640,640,tear,280,270,331,412
92_jpg.rf.fd75e4fd3ad811d04969743c2bf75848.jpg,640,640,tear,213,306,375,391
4_jpg.rf.33f917346b4aceb291191d4b19392012.jpg,640,640,tear,292,362,339,423
222_png_jpg.rf.3519bb3095054a721a73a1464998bdc6.jpg,640,640,tear,233,338,278,345
207_jpg.rf.35cb2fca3bcda29636bfe34083ba5917.jpg,640,640,tear,304,317,361,445
132_jpg.rf.3a1af24043633490b05b216015fc78b9.jpg,640,640,tear,193,376,303,479
125_jpg.rf.343d19e8c1ecbb6574c3e6575463e974.jpg,640,640,tear,321,186,479,323
41_jpg.rf.341012ea9467e991e1f4de45d3fa002d.jpg,640,640,tear,166,346,279,388
19_jpg.rf.3323045590e21e42f3a938cf9fdca53d.jpg,640,640,tear,284,312,329,432
133_jpg.rf.3a819311610e0ee96a9381f51182871f.jpg,640,640,tear,190,397,308,488
132_jpg.rf.3594963564454b5b0b3a1685661dcf5b.jpg,640,640,tear,193,376,303,479
185_jpg.rf.357ad29ce5933064c603174a950335ae.jpg,640,640,tear,271,260,301,313
94_jpg.rf.37e4e7279ff2a4de61276084bd932f90.jpg,640,640,tear,190,225,296,396
94_jpg.rf.37e4e7279ff2a4de61276084bd932f90.jpg,640,640,tear,309,267,387,381
14_jpg.rf.38a26d62252eaf6520660d5da20a5a0a.jpg,640,640,tear,282,334,336,407
252_jpg.rf.381e4e7c17430b3b4418e6be27b916eb.jpg,640,640,tear,246,175,397,282
218_png_jpg.rf.3678eee8da1b8bb072054885ed61770b.jpg,640,640,tear,300,331,346,353
218_png_jpg.rf.3678eee8da1b8bb072054885ed61770b.jpg,640,640,tear,401,328,422,346
118_jpg.rf.3c249c75f6c81bf2594c2c3256c9f143.jpg,640,640,tear,314,386,415,531
12_jpg.rf.3c9d22fefdd172bc7e3c7157800d88ea.jpg,640,640,tear,199,254,366,421
230_jpg.rf.39cf8d41a8ab181497dc38af10052f5a.jpg,640,640,tear,287,328,312,425
184_jpg.rf.3bc3607802e62b51fb984447f00d5cbb.jpg,640,640,tear,307,258,318,318
32_jpg.rf.3c8d351f7e8115935ef2d8ec7fbe76de.jpg,640,640,tear,173,329,227,378
330_jpg.rf.38c14cd34629ad70a3841c4a585a14dc.jpg,640,640,tear,221,267,324,435
209_jpg.rf.391e6c4e0d835669d75ef9e8874e5bc9.jpg,640,640,tear,277,333,356,420
312_jpg.rf.3b00b00c722029e174c25ad71a899cc0.jpg,640,640,tear,255,310,282,374
330_jpg.rf.3644fe282a51173eb269c00af32a32dc.jpg,640,640,tear,221,267,324,435
5__jpg.rf.3c5b6720be4088e9a88312855d002c73.jpg,640,640,tear,372,395,513,468
5__jpg.rf.3c5b6720be4088e9a88312855d002c73.jpg,640,640,tear,242,213,355,272
5__jpg.rf.3c5b6720be4088e9a88312855d002c73.jpg,640,640,tear,543,366,608,465
69_jpg.rf.3cafc3ba285f2b7f038b40353eef3d90.jpg,640,640,tear,253,311,431,394
25_jpg.rf.3c9d6987d3228483d0aee426e9b34021.jpg,640,640,tear,353,161,497,538
212_png_jpg.rf.3ff44b9e07f247786ab97b60bc1e16fa.jpg,640,640,tear,251,292,291,315
250_jpg.rf.3ed047c495ed17c6f2ad6caae82861c2.jpg,640,640,tear,350,263,385,333
333_jpg.rf.3f965cf07ca787b0164e45ae70d28078.jpg,640,640,tear,169,115,230,350
333_jpg.rf.3f965cf07ca787b0164e45ae70d28078.jpg,640,640,tear,228,340,322,541
113_jpg.rf.3d8b58a169fbd54b482b3c6827ae633e.jpg,640,640,tear,283,255,356,345
230_png_jpg.rf.445e861c2edd08c2a02f66b2154b15b8.jpg,640,640,tear,267,305,289,326
118_jpg.rf.4272ca46d7f9845e8e209073669a310f.jpg,640,640,tear,302,278,375,327
148_jpg.rf.3e1b05204d8b1bf595713f68cbcc0f66.jpg,640,640,tear,215,408,335,515
33_jpg.rf.3de932531526f3674c5f84af08a6a3a7.jpg,640,640,tear,185,482,447,570
42_jpg.rf.3c6a66d05db5340b286c45c7580cab66.jpg,640,640,tear,113,353,252,431
255_jpg.rf.418af02bf956c37e0230f805a13e6bb8.jpg,640,640,tear,246,305,359,407
26_jpg.rf.43de13b01f10a39ee08f5c53d0e46bd6.jpg,640,640,tear,209,255,266,346
26_jpg.rf.43de13b01f10a39ee08f5c53d0e46bd6.jpg,640,640,tear,284,346,392,378
202_jpg.rf.47246471300eaa03607b43d8f4385604.jpg,640,640,tear,194,280,223,455
67_jpg.rf.428d017c3dc5f407e044fabf170fff79.jpg,640,640,tear,195,300,333,411
67_jpg.rf.428d017c3dc5f407e044fabf170fff79.jpg,640,640,tear,336,280,434,378
208_jpg.rf.459da421f9ad82a4adc3e37aefefc233.jpg,640,640,tear,277,310,316,454
31_jpg.rf.44119fee2d74ea86024475cfae59c096.jpg,640,640,tear,228,351,334,407
231_png_jpg.rf.45c21b5da4cf1faa5756a409a088d0e1.jpg,640,640,tear,275,298,307,327
166_jpg.rf.4581377b4545ae2898f1d58384c17061.jpg,640,640,tear,328,322,374,349
113_jpg.rf.4769f7cf9324f7f5a62707e51d5192f2.jpg,640,640,tear,283,255,356,345
67_jpg.rf.41f00838f1653b02195824eee92e0cb6.jpg,640,640,tear,195,300,333,411
67_jpg.rf.41f00838f1653b02195824eee92e0cb6.jpg,640,640,tear,336,280,434,378
209_jpg.rf.4699688c12587a8bcd360d2504027207.jpg,640,640,tear,277,333,356,420
127_jpg.rf.43c6a845f6471cdcffbdf889a4d5e015.jpg,640,640,tear,292,277,378,325
33_jpg.rf.40ef8b0d9d69d168bef0d4e06df50c5b.jpg,640,640,tear,192,309,280,402
140_jpg.rf.48ab9cd7dd69c4183624d725dbf92e26.jpg,640,640,tear,351,256,397,355
104_jpg.rf.48006879dd7c1821fced0ed8f5230cc5.jpg,640,640,tear,331,291,477,419
92_jpg.rf.4a904cc3ce2a3aca3fbb925866a46e49.jpg,640,640,tear,213,306,375,391
199_jpg.rf.41d04b30d96748574ffe4db660c663ca.jpg,640,640,tear,283,372,346,414
153_jpg.rf.48e59f89dfadc2990d57001301d83cb0.jpg,640,640,tear,343,347,356,418
54_jpg.rf.47f5516861a56ad2ca789489aca47bdd.jpg,640,640,tear,195,313,340,370
33_jpg.rf.4130cbedde25effd18f0a4293181a8ac.jpg,640,640,tear,185,482,447,570
19_jpg.rf.485f6cb62edb8acb196a2676deee40a0.jpg,640,640,tear,160,347,411,379
19_jpg.rf.485f6cb62edb8acb196a2676deee40a0.jpg,640,640,tear,271,475,403,528
36_jpg.rf.48e6f1123abf75ea3329e2890d9706b7.jpg,640,640,tear,302,398,427,450
71_jpg.rf.4abe63d8aa22eb8673dfe8f648a80112.jpg,640,640,tear,240,289,388,336
71_jpg.rf.4abe63d8aa22eb8673dfe8f648a80112.jpg,640,640,tear,241,349,357,375
104_jpg.rf.49519914de495df7de58889ff27d4e7c.jpg,640,640,tear,255,389,323,413
104_jpg.rf.49519914de495df7de58889ff27d4e7c.jpg,640,640,tear,205,203,371,332
245_jpg.rf.4cf99325ddf7e2c493d72babbbe62fcd.jpg,640,640,tear,254,309,291,373
203_jpg.rf.4a77dd4a180ea3b78d47459adbd6fd8e.jpg,640,640,tear,202,356,228,442
246_jpg.rf.49ee82bb79a164a2bf872a3115758cd7.jpg,640,640,tear,216,279,269,404
145_jpg.rf.4b751d0e5e7c621b36f23643a88aa3e7.jpg,640,640,tear,433,209,498,388
206_jpg.rf.4d93cc7fbe0636b9bbbd986eeb818fb1.jpg,640,640,tear,303,370,348,447
213_png_jpg.rf.4bf1b5a71b044f973259a945c554a1ba.jpg,640,640,tear,299,319,334,333
129_jpg.rf.4db4e0c7034465a1178524a9af3af2ef.jpg,640,640,tear,264,319,379,360
152_jpg.rf.4ca7c3f346b206f129d726aeecc3c9e0.jpg,640,640,tear,318,388,341,446
71_jpg.rf.4d1cf9c46d0b68f47794eead43ff3b66.jpg,640,640,tear,240,289,388,336
71_jpg.rf.4d1cf9c46d0b68f47794eead43ff3b66.jpg,640,640,tear,241,349,357,375
169_jpg.rf.4697d4df75862dcd36d927372bfa203d.jpg,640,640,tear,237,260,278,330
43_jpg.rf.4b42bd88ace11783640bb108dc614c07.jpg,640,640,tear,434,409,554,582
43_jpg.rf.4b42bd88ace11783640bb108dc614c07.jpg,640,640,tear,461,221,512,333
121_jpg.rf.4db8cdaf9170696ec4acdeff2d40b32a.jpg,640,640,tear,79,364,330,536
316_jpg.rf.50abe0a69bc248d8dc924d9c17c1818f.jpg,640,640,tear,233,250,347,411
126_jpg.rf.4de562052010ef7e66cf6ea642bb8fd8.jpg,640,640,tear,305,368,380,575
23_jpg.rf.4f13eca8002cccff7d719f43f8a10918.jpg,640,640,tear,219,259,310,344
94_jpg.rf.507941d152e226123d3469ca5f71c85a.jpg,640,640,tear,190,225,296,396
94_jpg.rf.507941d152e226123d3469ca5f71c85a.jpg,640,640,tear,309,267,387,381
18_jpg.rf.4e6029265e6525c8f3041268b1be8d5b.jpg,640,640,tear,292,308,345,405
138_jpg.rf.5226598b981d7f5b0c05d523cd2ce258.jpg,640,640,tear,250,119,354,214
138_jpg.rf.5226598b981d7f5b0c05d523cd2ce258.jpg,640,640,tear,270,222,346,436
35_jpg.rf.502bdbd430e7bc0c43f7dcb841d50f52.jpg,640,640,tear,127,120,164,385
232_png_jpg.rf.504c1724db6b7f40d9c422df0f78b416.jpg,640,640,tear,349,305,425,314
232_png_jpg.rf.504c1724db6b7f40d9c422df0f78b416.jpg,640,640,tear,351,332,377,341
236_png_jpg.rf.50d874f6a614446a961a74c514d04691.jpg,640,640,tear,485,333,544,342
336_jpg.rf.5456805af1bf5f2b2aed170d662fc580.jpg,640,640,tear,299,326,319,408
336_jpg.rf.5456805af1bf5f2b2aed170d662fc580.jpg,640,640,tear,325,418,385,449
25_jpg.rf.50d1239d56faa902359f7d0d9613bc07.jpg,640,640,tear,353,161,497,538
113_jpg.rf.52897dce574d4ff5fe2d0048ecd8c3c7.jpg,640,640,tear,227,396,292,487
113_jpg.rf.52897dce574d4ff5fe2d0048ecd8c3c7.jpg,640,640,tear,354,380,494,530
231_jpg.rf.4fe28378b0c5d67a2be431557e85c1b3.jpg,640,640,tear,278,403,324,472
258_jpg.rf.53d625d92ea276f213d5f89d9cc8f328.jpg,640,640,tear,243,284,303,406
258_jpg.rf.53d625d92ea276f213d5f89d9cc8f328.jpg,640,640,tear,342,292,365,368
165_jpg.rf.4edcb24369a2ed6ebd1360286a5f95b0.jpg,640,640,tear,314,321,358,346
132_jpg.rf.53f59faa4cf693ce57bb6818f70100f6.jpg,640,640,tear,193,376,303,479
98_jpg.rf.548b8757c5de25c8ac789e244dd76160.jpg,640,640,tear,230,307,341,423
98_jpg.rf.548b8757c5de25c8ac789e244dd76160.jpg,640,640,tear,355,257,392,394
62_jpg.rf.537617056f7fac77d481abab1ee9289d.jpg,640,640,tear,267,320,350,458
62_jpg.rf.537617056f7fac77d481abab1ee9289d.jpg,640,640,tear,139,241,342,307
138_jpg.rf.564d19be11b4e2919d12e0b5f7db2e38.jpg,640,640,tear,293,239,349,286
138_jpg.rf.564d19be11b4e2919d12e0b5f7db2e38.jpg,640,640,tear,378,267,427,378
29_jpg.rf.564c9efe8801864e22930775cbeef5d4.jpg,640,640,tear,225,309,427,363
272_jpg.rf.556f1df1fdc532750a7e79244d361128.jpg,640,640,tear,305,128,337,313
272_jpg.rf.556f1df1fdc532750a7e79244d361128.jpg,640,640,tear,250,342,297,379
226_png_jpg.rf.53b5f3e8175cbd84b75a394e6b53f0ef.jpg,640,640,tear,333,360,347,364
226_png_jpg.rf.53b5f3e8175cbd84b75a394e6b53f0ef.jpg,640,640,tear,352,336,365,347
189_jpg.rf.52b2e5f632daeb5f714a1c43c6c7ddd9.jpg,640,640,tear,237,219,257,255
321_jpg.rf.56df0619af45d77de087547b16440687.jpg,640,640,tear,239,436,345,482
273_jpg.rf.57bee52173b4ea063cf1e9a46b1e5f27.jpg,640,640,tear,299,109,331,259
62_jpg.rf.5672b1ba739333d647e35ef7ffc05f76.jpg,640,640,tear,267,320,350,458
62_jpg.rf.5672b1ba739333d647e35ef7ffc05f76.jpg,640,640,tear,139,241,342,307
263_jpg.rf.4f60feef839837a32c9bccd619c0a96f.jpg,640,640,tear,305,217,353,318
263_jpg.rf.4f60feef839837a32c9bccd619c0a96f.jpg,640,640,tear,406,222,425,379
263_jpg.rf.4f60feef839837a32c9bccd619c0a96f.jpg,640,640,tear,443,230,479,411
239_jpg.rf.57b1c15c19d7b393f3462113305fb727.jpg,640,640,tear,249,320,305,483
239_jpg.rf.57b1c15c19d7b393f3462113305fb727.jpg,640,640,tear,306,380,336,471
129_jpg.rf.57eb023fc6c2b5f5fb80f7f2ebfdc859.jpg,640,640,tear,371,244,415,328
115_jpg.rf.52401f1f4d1c191dee64f7e82ffc09af.jpg,640,640,tear,409,301,463,378
115_jpg.rf.52401f1f4d1c191dee64f7e82ffc09af.jpg,640,640,tear,177,332,215,420
3_jpg.rf.58ac92aac674dbeafa847704e2ddd9d2.jpg,640,640,tear,356,351,465,415
336_jpg.rf.58004fcd7cad9e460064d509ccdf3483.jpg,640,640,tear,299,326,319,408
336_jpg.rf.58004fcd7cad9e460064d509ccdf3483.jpg,640,640,tear,325,418,385,449
217_png_jpg.rf.599a812d7758cee24bda364fea4fe3b6.jpg,640,640,tear,283,330,329,348
217_png_jpg.rf.599a812d7758cee24bda364fea4fe3b6.jpg,640,640,tear,368,321,388,337
54_jpg.rf.583e6a2da90b8d8550a05c6f570a71c2.jpg,640,640,tear,195,313,340,370
56_jpg.rf.5b32d6c2be94aa7463454dd1d62fa8c7.jpg,640,640,tear,180,334,383,380
56_jpg.rf.5b32d6c2be94aa7463454dd1d62fa8c7.jpg,640,640,tear,168,189,226,317
131_jpg.rf.5bb48f48e48d87f48490b24bc7804b25.jpg,640,640,tear,284,342,390,394
167_jpg.rf.583202295625bd49e9c923ed497bbcce.jpg,640,640,tear,278,362,326,401
302_jpg.rf.59b233144024774dd5b18a76c3aa6dc2.jpg,640,640,tear,331,427,380,454
303_jpg.rf.5a7ae6329fd42b748aab4c9cf914c1a0.jpg,640,640,tear,311,309,340,393
313_jpg.rf.5c0bfae74085c7fb153e549066d2b934.jpg,640,640,tear,306,110,327,251
137_jpg.rf.5a6a68a318af14640916f950d4a8143c.jpg,640,640,tear,279,239,308,387
137_jpg.rf.5a6a68a318af14640916f950d4a8143c.jpg,640,640,tear,333,351,365,466
322_jpg.rf.5aadd77795d2633b211cd20c31913243.jpg,640,640,tear,303,434,386,470
222_png_jpg.rf.5ffea58dc7f73618507a10a79b2a4773.jpg,640,640,tear,233,338,278,345
38_jpg.rf.624249513e6dc3a263d24099184fbb6d.jpg,640,640,tear,158,395,287,574
38_jpg.rf.624249513e6dc3a263d24099184fbb6d.jpg,640,640,tear,303,514,529,588
38_jpg.rf.624249513e6dc3a263d24099184fbb6d.jpg,640,640,tear,453,339,486,445
263_jpg.rf.5b63e0292a46b8c9d72eec687b4b4caf.jpg,640,640,tear,305,217,353,318
263_jpg.rf.5b63e0292a46b8c9d72eec687b4b4caf.jpg,640,640,tear,406,222,425,379
263_jpg.rf.5b63e0292a46b8c9d72eec687b4b4caf.jpg,640,640,tear,443,230,479,411
101_jpg.rf.5ac42f0fe56979eafbbf5156972cf24a.jpg,640,640,tear,363,276,433,390
105_jpg.rf.5de3284c73085c3b84337be4e5d33d32.jpg,640,640,tear,224,366,383,496
252_jpg.rf.5b0b65fc37009f09a65b0f89bffe1d85.jpg,640,640,tear,246,175,397,282
322_jpg.rf.632a5c06a1f9f2b4a5484044741e7554.jpg,640,640,tear,303,434,386,470
158_jpg.rf.5b2841e442ee58a1cc0426a2c99c517f.jpg,640,640,tear,276,290,329,330
324_jpg.rf.62f585edba3b86cbaa67a733562bc516.jpg,640,640,tear,341,433,388,467
144_jpg.rf.5b08966271f186b2256c465c942f6e49.jpg,640,640,tear,354,240,387,395
257_jpg.rf.61b3aa476ad350094523c9d065afcbe3.jpg,640,640,tear,343,283,372,385
1_jpg.rf.6113c63ef9caa7c1f3eff2b417046cea.jpg,640,640,tear,275,334,339,414
204_jpg.rf.5c2e22acd127741af026077f540ceb38.jpg,640,640,tear,203,344,225,449
230_jpg.rf.5dc4eca4b451c6d43cb93c8b34351799.jpg,640,640,tear,287,328,312,425
34_jpg.rf.5d0199ced944b3082eb2501b5a3bbd8e.jpg,640,640,tear,363,430,491,507
34_jpg.rf.5d0199ced944b3082eb2501b5a3bbd8e.jpg,640,640,tear,179,162,406,307
142_jpg.rf.5ca0d8def8d257c059ce00cc2c1d4f0c.jpg,640,640,tear,222,203,289,316
142_jpg.rf.5ca0d8def8d257c059ce00cc2c1d4f0c.jpg,640,640,tear,361,180,402,293
104_jpg.rf.616276ea4a407d7784193e9bdee9ae6b.jpg,640,640,tear,331,291,477,419
250_jpg.rf.65d9a528dde24d85291e67f1338946ad.jpg,640,640,tear,350,263,385,333
90_jpg.rf.63790f30cf954bcab86e6abc43c98844.jpg,640,640,tear,205,147,303,302
4_jpg.rf.65ee06a061460654b7aa6cd296bbd647.jpg,640,640,tear,292,362,339,423
11_jpg.rf.64088b747fc3f4bc989b46fead5861a3.jpg,640,640,tear,381,502,407,632
182_jpg.rf.646129e730f8be2630b95d4827735a60.jpg,640,640,tear,251,341,303,397
2_jpg.rf.68e2a528cc4ab6a0d6c78cdfc5d620fb.jpg,640,640,tear,327,376,354,414
256_jpg.rf.682920e7fb9c2393d69e31a4ce277507.jpg,640,640,tear,277,416,367,488
256_jpg.rf.682920e7fb9c2393d69e31a4ce277507.jpg,640,640,tear,244,154,357,241
268_jpg.rf.682a339b9449a6d564a59f69bb0658fb.jpg,640,640,tear,401,327,466,356
268_jpg.rf.682a339b9449a6d564a59f69bb0658fb.jpg,640,640,tear,510,316,590,377
179_jpg.rf.64d5014c76769fbcca6d43319f0b1d47.jpg,640,640,tear,299,376,318,486
235_png_jpg.rf.68d4485f4d31d8083a032e55c70c4bfb.jpg,640,640,tear,428,298,477,334
136_jpg.rf.6716cdc489d473bb7c73619d998e4730.jpg,640,640,tear,336,311,367,375
136_jpg.rf.6716cdc489d473bb7c73619d998e4730.jpg,640,640,tear,249,384,359,414
20_jpg.rf.66fad4438faf8f49c730b7d83454b8bd.jpg,640,640,tear,301,287,343,395
18_jpg.rf.6a8d62300d91bad142e13d0660feac2c.jpg,640,640,tear,292,308,345,405
197_jpg.rf.5bffe6f3a720753a6c4626ec1fd1a446.jpg,640,640,tear,309,270,369,296
197_jpg.rf.5bffe6f3a720753a6c4626ec1fd1a446.jpg,640,640,tear,339,169,352,201
17_jpg.rf.6a2767075a6b84b1cb5a1a5af8692b6d.jpg,640,640,tear,170,215,237,360
12_jpg.rf.63ab553b3d66ddb1f4791000c69b18b0.jpg,640,640,tear,199,254,366,421
101_jpg.rf.69075a7587491f38591fd96b322b1d42.jpg,640,640,tear,297,426,361,526
309_jpg.rf.6aa9ee408f9708aeec8cb163050802f9.jpg,640,640,tear,239,409,328,470
58_jpg.rf.6ab1672afc2e82159d44e1e762d288ea.jpg,640,640,tear,293,178,377,246
58_jpg.rf.6ab1672afc2e82159d44e1e762d288ea.jpg,640,640,tear,239,248,276,300
58_jpg.rf.6ab1672afc2e82159d44e1e762d288ea.jpg,640,640,tear,179,148,262,244
14_jpg.rf.679441986b3164f4fbef36af118c4e85.jpg,640,640,tear,282,334,336,407
102_jpg.rf.6961582016bdd1bf267c0e7f2a07e3bc.jpg,640,640,tear,238,264,299,369
102_jpg.rf.6961582016bdd1bf267c0e7f2a07e3bc.jpg,640,640,tear,355,235,397,333
66_jpg.rf.6beaecbdd97edccdb5ff049010588a4c.jpg,640,640,tear,360,310,466,371
66_jpg.rf.6beaecbdd97edccdb5ff049010588a4c.jpg,640,640,tear,275,283,338,341
142_jpg.rf.651226c80117fd5bae7495b836e68042.jpg,640,640,tear,222,203,289,316
142_jpg.rf.651226c80117fd5bae7495b836e68042.jpg,640,640,tear,361,180,402,293
116_jpg.rf.6cf2fbf1cfdbb5c529ac4dedab4e8eca.jpg,640,640,tear,305,354,493,464
262_jpg.rf.6c914402700add7348ad93130c5ff972.jpg,640,640,tear,445,230,471,431
116_jpg.rf.677c81a9ba904e6076e68fff37053f8c.jpg,640,640,tear,305,354,493,464
304_jpg.rf.6c02f2c8566d618bfdcb001aba2af484.jpg,640,640,tear,334,358,358,467
304_jpg.rf.6c02f2c8566d618bfdcb001aba2af484.jpg,640,640,tear,280,301,325,466
71_jpg.rf.681f7d54a7b813ec0e7e09cb876065bd.jpg,640,640,tear,240,289,388,336
71_jpg.rf.681f7d54a7b813ec0e7e09cb876065bd.jpg,640,640,tear,241,349,357,375
20_jpg.rf.6c25c166772bd0bf467e7e771c2e26e0.jpg,640,640,tear,437,368,468,531
20_jpg.rf.6c25c166772bd0bf467e7e771c2e26e0.jpg,640,640,tear,358,365,389,443
238_jpg.rf.6d9362a9c5bb3f7fc7bbc4a7022d53eb.jpg,640,640,tear,338,399,414,513
69_jpg.rf.6f7af784050bf92907676a625cee752f.jpg,640,640,tear,253,311,431,394
61_jpg.rf.6e9f41dbe2c5ad224ef916e972bfa5bb.jpg,640,640,tear,192,402,326,425
39_jpg.rf.6bb4a21545a2428180bfed52c5b650ee.jpg,640,640,tear,204,393,333,443
264_jpg.rf.6eb0d91b7afbe53f211cf14c9b291dd5.jpg,640,640,tear,432,190,518,367
93_jpg.rf.6de3183d1b3c8ee7bfeea1ec92489729.jpg,640,640,tear,203,134,382,184
39_jpg.rf.731349a21ae95dade424b39c9faa00a1.jpg,640,640,tear,400,408,500,514
120_jpg.rf.7178f56359e13290faf7c3ec35914eff.jpg,640,640,tear,374,171,543,304
76_jpg.rf.730ad9f7a1fa31d96c5e1958ef6170f2.jpg,640,640,tear,413,399,446,437
76_jpg.rf.730ad9f7a1fa31d96c5e1958ef6170f2.jpg,640,640,tear,364,336,413,372
76_jpg.rf.730ad9f7a1fa31d96c5e1958ef6170f2.jpg,640,640,tear,240,332,288,394
228_png_jpg.rf.718dbca018c29880c02961687f19741a.jpg,640,640,tear,295,279,321,302
238_jpg.rf.6ef61b8ac417bc706ed3db5eaaf4f535.jpg,640,640,tear,338,399,414,513
128_jpg.rf.6f8e0f72968f5bf21b7dcafdba2273a7.jpg,640,640,tear,270,324,370,373
142_jpg.rf.723fb1825e0efa17350a86f65d6c5f6d.jpg,640,640,tear,364,251,401,363
67_jpg.rf.70311da3801f260b59301fd5bb64ed79.jpg,640,640,tear,195,300,333,411
67_jpg.rf.70311da3801f260b59301fd5bb64ed79.jpg,640,640,tear,336,280,434,378
227_png_jpg.rf.72e39efec267fd720a8c901fc0e5cae0.jpg,640,640,tear,248,316,276,337
174_jpg.rf.71098df24ddf65fa29c8118227e1b186.jpg,640,640,tear,420,356,443,441
108_jpg.rf.746c6c19eb2bebbadef7352e017209df.jpg,640,640,tear,204,234,377,310
39_jpg.rf.74b3a9c60e08a053e4e125947b31e83b.jpg,640,640,tear,204,393,333,443
130_jpg.rf.7326e0084c816cfc6408c500c3bc8e71.jpg,640,640,tear,283,184,389,322
130_jpg.rf.71b36c18b223c0465991db37689ca23b.jpg,640,640,tear,258,312,371,354
129_jpg.rf.74a5723452ef9424562d430be7128ba6.jpg,640,640,tear,264,319,379,360
107_jpg.rf.74e1568b93832192c43fe166e90b2942.jpg,640,640,tear,342,294,431,381
61_jpg.rf.74679edb5321caa8fabad64652f4cca3.jpg,640,640,tear,192,402,326,425
20_jpg.rf.704566b7f187bcb64ff2c9f6544cc3a7.jpg,640,640,tear,301,287,343,395
122_jpg.rf.76c2b7be5a7c1360a98b5989993d3cb5.jpg,640,640,tear,202,227,318,341
122_jpg.rf.76c2b7be5a7c1360a98b5989993d3cb5.jpg,640,640,tear,390,221,420,336
311_jpg.rf.76d1f241440e8b9a4dd373d48e022dbe.jpg,640,640,tear,203,140,221,244
269_jpg.rf.7259527b77b760fbf00fd882a2b34bf3.jpg,640,640,tear,407,354,490,422
269_jpg.rf.7259527b77b760fbf00fd882a2b34bf3.jpg,640,640,tear,522,354,588,407
117_jpg.rf.7493bfeb25ca6d4eb72b07d39b73e6d9.jpg,640,640,tear,265,290,358,432
117_jpg.rf.7493bfeb25ca6d4eb72b07d39b73e6d9.jpg,640,640,tear,423,254,452,378
144_jpg.rf.6f002b55c2b241930f6878a44b35bf9e.jpg,640,640,tear,354,240,387,395
3_jpg.rf.767dd0dae574ba5da017d0ef5b0a0857.jpg,640,640,tear,356,351,465,415
102_jpg.rf.7662c3b8a42869b03bd174fe8ed81583.jpg,640,640,tear,238,264,299,369
102_jpg.rf.7662c3b8a42869b03bd174fe8ed81583.jpg,640,640,tear,355,235,397,333
216_png_jpg.rf.78050a2da9b2309f05c6754258d5f9f4.jpg,640,640,tear,297,321,335,337
46_jpg.rf.780e2944080f3dc16e59932ad57293fc.jpg,640,640,tear,256,165,434,202
46_jpg.rf.780e2944080f3dc16e59932ad57293fc.jpg,640,640,tear,241,358,443,402
328_jpg.rf.77032a22a4f7728becf384bbdec311c7.jpg,640,640,tear,282,287,331,340
173_jpg.rf.7845a187d7f7a43fa993d22710ef88f8.jpg,640,640,tear,286,344,367,376
17_jpg.rf.77e0e1e1bd7212495f34c47f0bdbf66d.jpg,640,640,tear,289,308,327,425
103_jpg.rf.7b914c073343ef49ac9b5cdff31df918.jpg,640,640,tear,203,373,353,403
39_jpg.rf.75b7f40091d8f6ef102eedfb210dd747.jpg,640,640,tear,400,408,500,514
120_jpg.rf.78bbc47d10d0ced0bb72268c4152f538.jpg,640,640,tear,374,171,543,304
113_jpg.rf.792fe40e3fcbe4baf64041840bbea2ed.jpg,640,640,tear,283,255,356,345
58_jpg.rf.7d5d6bd1889f93e91350a6e3e284a440.jpg,640,640,tear,293,178,377,246
58_jpg.rf.7d5d6bd1889f93e91350a6e3e284a440.jpg,640,640,tear,239,248,276,300
58_jpg.rf.7d5d6bd1889f93e91350a6e3e284a440.jpg,640,640,tear,179,148,262,244
132_jpg.rf.7b5ebbcb81b6d390f512bb7d9daee04e.jpg,640,640,tear,222,323,354,365
154_jpg.rf.7a8ff901dbf5934609c12a1e2cfdd129.jpg,640,640,tear,216,301,272,322
242_jpg.rf.7a9c090df8ca186ae625a7aa095227ec.jpg,640,640,tear,276,312,363,435
242_jpg.rf.7b9d1469ed52960b6230459e0422b99b.jpg,640,640,tear,276,312,363,435
42_jpg.rf.7bc5376071cb7ec0e000d18d3de457fb.jpg,640,640,tear,304,424,336,522
42_jpg.rf.7bc5376071cb7ec0e000d18d3de457fb.jpg,640,640,tear,210,252,278,438
42_jpg.rf.7bc5376071cb7ec0e000d18d3de457fb.jpg,640,640,tear,358,302,386,502
34_jpg.rf.7e64855cdd42ab8d90a3d5bb600e4ed4.jpg,640,640,tear,265,379,413,449
7_jpg.rf.7a73a30a0ff8ef79c0ff205547bb40a6.jpg,640,640,tear,286,296,389,334
213_png_jpg.rf.7fcf58db8317a9eb9df30cb48ff4f822.jpg,640,640,tear,299,319,334,333
135_jpg.rf.803e77d1a30d0a330635fbb141b30f62.jpg,640,640,tear,261,337,358,377
30_jpg.rf.7d20810ade0b10f3b5a60fcf9131ca52.jpg,640,640,tear,276,379,413,419
36_jpg.rf.78d4fae0c0b246c733f658ac52a57b9f.jpg,640,640,tear,217,236,421,470
112_jpg.rf.7da6f048f45f65054bd97afc2304b8e9.jpg,640,640,tear,181,119,402,324
229_png_jpg.rf.796a7549c178898330b2a195e239a5c2.jpg,640,640,tear,250,311,273,331
246_jpg.rf.79bc97fd0fa67c1bdf0af11cf7a9c6cc.jpg,640,640,tear,216,279,269,404
36_jpg.rf.8105761888d3a7a002a4f3fb69cf1b81.jpg,640,640,tear,302,398,427,450
301_jpg.rf.789702d6695a3c0c9fd6d553ff43e61d.jpg,640,640,tear,337,456,374,486
7_jpg.rf.7f328f6570d1f00f931f8589d99b491d.jpg,640,640,tear,286,296,389,334
126_jpg.rf.7d410cac1b632026c3735854da962999.jpg,640,640,tear,305,368,380,575
109_jpg.rf.810b4021d7fecb057672655f282c16a8.jpg,640,640,tear,263,234,334,298
204_jpg.rf.7a8275d735704b9b5045037472fca10d.jpg,640,640,tear,203,344,225,449
49_jpg.rf.8157d8950bd9073cfc2cc7cb512057a2.jpg,640,640,tear,179,202,375,275
49_jpg.rf.8157d8950bd9073cfc2cc7cb512057a2.jpg,640,640,tear,182,271,247,372
189_jpg.rf.81243a7febc5c65ca137303f83b0c7b0.jpg,640,640,tear,237,219,257,255
10_jpg.rf.810a7e17ab0233dd8f922360dfed01fb.jpg,640,640,tear,193,378,310,406
153_jpg.rf.81fbad5efaa0e19fae7fcec5d06d947e.jpg,640,640,tear,343,347,356,418
20_jpg.rf.81ce40d97b3c1aab291dca0dff65223d.jpg,640,640,tear,437,368,468,531
20_jpg.rf.81ce40d97b3c1aab291dca0dff65223d.jpg,640,640,tear,358,365,389,443
24_jpg.rf.84fab0e45fefe42273daf413e4d3c17f.jpg,640,640,tear,157,387,204,512
24_jpg.rf.84fab0e45fefe42273daf413e4d3c17f.jpg,640,640,tear,303,431,358,502
207_jpg.rf.85afe576768f3e6cba2e5875b9159fc4.jpg,640,640,tear,304,317,361,445
27_jpg.rf.837f14f5bb0d6da15c47c75a480a7dda.jpg,640,640,tear,334,290,418,334
27_jpg.rf.837f14f5bb0d6da15c47c75a480a7dda.jpg,640,640,tear,275,367,386,404
27_jpg.rf.837f14f5bb0d6da15c47c75a480a7dda.jpg,640,640,tear,337,331,449,371
205_jpg.rf.8208e27d2365d138181c892fc640d50a.jpg,640,640,tear,299,376,342,453
312_jpg.rf.83bc4153300c645eb1abca3d0ebd64ff.jpg,640,640,tear,255,310,282,374
66_jpg.rf.86b09e5b1595be37086276db7818566b.jpg,640,640,tear,360,310,466,371
66_jpg.rf.86b09e5b1595be37086276db7818566b.jpg,640,640,tear,275,283,338,341
303_jpg.rf.83cc266b02f13faeb44b92612a5a71ae.jpg,640,640,tear,311,309,340,393
118_jpg.rf.81f5cd2f5e6ddac17dbd2454478bf864.jpg,640,640,tear,302,278,375,327
224_png_jpg.rf.84226f194aec688b1b313825b6886cd3.jpg,640,640,tear,269,340,303,350
51_jpg.rf.84a8ca2da34c5dddb99433a9cf371ce9.jpg,640,640,tear,209,304,296,405
52_jpg.rf.82787040c22c4bc1d4784fec420e1234.jpg,640,640,tear,210,243,278,353
76_jpg.rf.840edb8a97926efc56ccb16448d6b821.jpg,640,640,tear,413,399,446,437
76_jpg.rf.840edb8a97926efc56ccb16448d6b821.jpg,640,640,tear,364,336,413,372
76_jpg.rf.840edb8a97926efc56ccb16448d6b821.jpg,640,640,tear,240,332,288,394
133_jpg.rf.8406fb0e8bd4810e45e0fe6d9f14b8a4.jpg,640,640,tear,190,397,308,488
104_jpg.rf.874119ac514ad098b2f3824facdcc253.jpg,640,640,tear,255,389,323,413
104_jpg.rf.874119ac514ad098b2f3824facdcc253.jpg,640,640,tear,205,203,371,332
106_jpg.rf.83f5e9913b8a1bd08d5cbe87017a1dab.jpg,640,640,tear,388,310,432,411
106_jpg.rf.83f5e9913b8a1bd08d5cbe87017a1dab.jpg,640,640,tear,317,350,362,454
106_jpg.rf.83f5e9913b8a1bd08d5cbe87017a1dab.jpg,640,640,tear,276,412,323,440
93_jpg.rf.8767623ef789d85fc0548a8345f364f3.jpg,640,640,tear,203,134,382,184
115_jpg.rf.8792aa20eb8eb4c6087f46ab2a47be1a.jpg,640,640,tear,409,301,463,378
115_jpg.rf.8792aa20eb8eb4c6087f46ab2a47be1a.jpg,640,640,tear,177,332,215,420
301_jpg.rf.8766737d033f0d2bea6430ab110a9504.jpg,640,640,tear,337,456,374,486
256_jpg.rf.87248020de518bcb374cf9f92b8c2d14.jpg,640,640,tear,277,416,367,488
256_jpg.rf.87248020de518bcb374cf9f92b8c2d14.jpg,640,640,tear,244,154,357,241
174_jpg.rf.8790ab13b17632e5fcf978f1842359df.jpg,640,640,tear,420,356,443,441
115_jpg.rf.88378069932c6a0fd092cf7bf7727956.jpg,640,640,tear,409,301,463,378
115_jpg.rf.88378069932c6a0fd092cf7bf7727956.jpg,640,640,tear,177,332,215,420
203_jpg.rf.87a33ee761a2005823f26da63d04f730.jpg,640,640,tear,202,356,228,442
111_jpg.rf.8840a78daaf252901312d04dc21bc0bd.jpg,640,640,tear,181,116,447,271
184_jpg.rf.885539bc9a2d78d2f05350900ddd2761.jpg,640,640,tear,307,258,318,318
258_jpg.rf.872cc5d7b6bf9e6b4b523f0a40da89bf.jpg,640,640,tear,243,284,303,406
258_jpg.rf.872cc5d7b6bf9e6b4b523f0a40da89bf.jpg,640,640,tear,342,292,365,368
5_jpg.rf.8b54cef7f470cdfada5bedb4464eeaae.jpg,640,640,tear,295,319,347,399
3_jpg.rf.896e746bc337d8e786ed4f0dbccdb6b0.jpg,640,640,tear,288,167,462,245
230_png_jpg.rf.8a52b9c1bb9fce4f44c203c4929d1e65.jpg,640,640,tear,267,305,289,326
158_jpg.rf.8a5b4f566b8be551e215ff3d92983283.jpg,640,640,tear,276,290,329,330
42_jpg.rf.8973d0ab2cfd192499c113e4e2ff429d.jpg,640,640,tear,113,353,252,431
232_png_jpg.rf.8cd87583cdcc6d2a55e81b6c90eac6e2.jpg,640,640,tear,349,305,425,314
232_png_jpg.rf.8cd87583cdcc6d2a55e81b6c90eac6e2.jpg,640,640,tear,351,332,377,341
63_jpg.rf.8d48ccc398ab867b660fec43d07ac579.jpg,640,640,tear,159,268,368,342
63_jpg.rf.8d48ccc398ab867b660fec43d07ac579.jpg,640,640,tear,155,439,349,470
34_jpg.rf.885f89b097a27ff57ee55800ccd68e1d.jpg,640,640,tear,265,379,413,449
106_jpg.rf.8e615d53722595ca1aef701195212629.jpg,640,640,tear,208,402,420,483
122_jpg.rf.8aec66d57e510a32f5b9fa452bac64ee.jpg,640,640,tear,202,227,318,341
122_jpg.rf.8aec66d57e510a32f5b9fa452bac64ee.jpg,640,640,tear,390,221,420,336
257_jpg.rf.88ecee4ec6209df936fe7acbdb7867e3.jpg,640,640,tear,343,283,372,385
108_jpg.rf.8ac32c97e64a0f8f84cbf16d57708920.jpg,640,640,tear,204,234,377,310
332_jpg.rf.886ef5024e480c9c9d4f3c83899a3043.jpg,640,640,tear,190,142,414,322
332_jpg.rf.886ef5024e480c9c9d4f3c83899a3043.jpg,640,640,tear,362,446,500,543
29_jpg.rf.8b50fb7edf0c1cf2a210c6c9bc409cb4.jpg,640,640,tear,225,309,427,363
184_jpg.rf.8cc7fc7936cda6bd3e40fc41a32cdf3d.jpg,640,640,tear,307,258,318,318
12_jpg.rf.8d2aca8ffd22afcf75997f953c42eb92.jpg,640,640,tear,260,349,308,420
121_jpg.rf.8c26fef4aabae7b1f9589c4e43c61166.jpg,640,640,tear,79,364,330,536
103_jpg.rf.8ba3ad467063e6ee26382e4283aeabf3.jpg,640,640,tear,228,446,380,520
135_jpg.rf.8bcfed9b79106a37769a03730abcc4e1.jpg,640,640,tear,261,337,358,377
231_jpg.rf.8953126a1722f6afb340e0efa870a3c0.jpg,640,640,tear,278,403,324,472
317_jpg.rf.897d1ec4cab2b1f975f6b39243f5da5f.jpg,640,640,tear,233,123,345,189
16_jpg.rf.8e91748b811481d14a2e4ca05657426d.jpg,640,640,tear,209,387,321,468
24_jpg.rf.8d5a48b4cf35547544b769246d6b7ac7.jpg,640,640,tear,209,343,390,394
212_png_jpg.rf.8dfe8914baf4dd2dec6e363d4973a9f7.jpg,640,640,tear,251,292,291,315
107_jpg.rf.8ba90824c4b52105b69b135d5f858ad5.jpg,640,640,tear,250,422,361,475
31_jpg.rf.908488d014f08ab9243b8e6c4aa2ad20.jpg,640,640,tear,228,351,334,407
251_jpg.rf.944ab928d958040d63df29d2b3de9310.jpg,640,640,tear,374,255,423,343
262_jpg.rf.927a0093f2b4f539f42018f016e53e3c.jpg,640,640,tear,445,230,471,431
34_jpg.rf.90cc1bc1379099c975b883701213cbf4.jpg,640,640,tear,363,430,491,507
34_jpg.rf.90cc1bc1379099c975b883701213cbf4.jpg,640,640,tear,179,162,406,307
113_jpg.rf.91fc7cc1657e67a39465ba6d8c24fea7.jpg,640,640,tear,227,396,292,487
113_jpg.rf.91fc7cc1657e67a39465ba6d8c24fea7.jpg,640,640,tear,354,380,494,530
255_jpg.rf.95328ccf831b936788decddd19fa09d8.jpg,640,640,tear,246,305,359,407
52_jpg.rf.9487a8707242c53d4db3c8167b306b53.jpg,640,640,tear,210,243,278,353
70_jpg.rf.90d18f282853a5940f3ee5f7a2e39bb2.jpg,640,640,tear,136,310,302,346
70_jpg.rf.90d18f282853a5940f3ee5f7a2e39bb2.jpg,640,640,tear,157,373,301,395
272_jpg.rf.90d4c2bef69efeef6ef5188483c537a2.jpg,640,640,tear,305,128,337,313
272_jpg.rf.90d4c2bef69efeef6ef5188483c537a2.jpg,640,640,tear,250,342,297,379
5_jpg.rf.94bdac8bae14b81f67cf1ecae03fc6f0.jpg,640,640,tear,295,319,347,399
334_jpg.rf.8f94dda17395e99a42121d4781378b5c.jpg,640,640,tear,295,302,371,443
334_jpg.rf.8f94dda17395e99a42121d4781378b5c.jpg,640,640,tear,245,81,366,151
94_jpg.rf.93d2ec31ce5fa972050de784e56aa52a.jpg,640,640,tear,190,225,296,396
94_jpg.rf.93d2ec31ce5fa972050de784e56aa52a.jpg,640,640,tear,309,267,387,381
200_jpg.rf.95ae065551e1c501c00476f67df5b4ba.jpg,640,640,tear,331,274,345,341
243_jpg.rf.907ad8d7777e61a5d0868be373927d34.jpg,640,640,tear,355,366,412,436
243_jpg.rf.907ad8d7777e61a5d0868be373927d34.jpg,640,640,tear,223,132,373,194
239_jpg.rf.93efd0575ca23740ee897e064a0562d5.jpg,640,640,tear,249,320,305,483
239_jpg.rf.93efd0575ca23740ee897e064a0562d5.jpg,640,640,tear,306,380,336,471
183_jpg.rf.8f30726238c9792ffa036e4493378f5b.jpg,640,640,tear,335,418,356,486
165_jpg.rf.9601d84c8e21336ece77be7867949a4d.jpg,640,640,tear,314,321,358,346
304_jpg.rf.8f9b38a115a782a18eee99785e9800c8.jpg,640,640,tear,334,358,358,467
304_jpg.rf.8f9b38a115a782a18eee99785e9800c8.jpg,640,640,tear,280,301,325,466
241_jpg.rf.96c70fc324b8e87cd1ec25b402b24cbf.jpg,640,640,tear,272,373,344,449
208_jpg.rf.96c7284b037fbc164da19e0941f51d2e.jpg,640,640,tear,277,310,316,454
245_jpg.rf.97801177c0b938f4be38bde91f876b75.jpg,640,640,tear,254,309,291,373
251_jpg.rf.955f407c072db41e761ccaff0e59ce7a.jpg,640,640,tear,374,255,423,343
317_jpg.rf.90a09681c093cb43fb073c4e7918084a.jpg,640,640,tear,233,123,345,189
243_jpg.rf.950197394d64e900c5cda5c41a80d0eb.jpg,640,640,tear,355,366,412,436
243_jpg.rf.950197394d64e900c5cda5c41a80d0eb.jpg,640,640,tear,223,132,373,194
145_jpg.rf.944397ab28413c23f4b13eae6773fec0.jpg,640,640,tear,433,209,498,388
124_jpg.rf.9826942bfdf599a421ae7e425ecac38f.jpg,640,640,tear,275,493,393,523
124_jpg.rf.9826942bfdf599a421ae7e425ecac38f.jpg,640,640,tear,236,340,337,473
160_jpg.rf.968e63bc677dd2cb185e8386167a8494.jpg,640,640,tear,300,425,381,476
19_jpg.rf.943cec6eb879bf15fef87a8e2154acc4.jpg,640,640,tear,160,347,411,379
19_jpg.rf.943cec6eb879bf15fef87a8e2154acc4.jpg,640,640,tear,271,475,403,528
232_png_jpg.rf.9960d3ff9eba5442ae678da170230e08.jpg,640,640,tear,349,305,425,314
232_png_jpg.rf.9960d3ff9eba5442ae678da170230e08.jpg,640,640,tear,351,332,377,341
74_jpg.rf.9b07b7e5537b6cad14ce5bb66a5f3152.jpg,640,640,tear,246,354,373,413
208_jpg.rf.99fd034917f01ea9589ac222ace0d0c0.jpg,640,640,tear,277,310,316,454
331_jpg.rf.9bd79a35929489d94a11568dd999a6a4.jpg,640,640,tear,373,340,440,480
156_jpg.rf.97e95644ad58f299d02551453878a2ec.jpg,640,640,tear,236,473,303,504
32_jpg.rf.9bcd6ec99d1217c2fc4274c02fcc471c.jpg,640,640,tear,379,149,512,294
32_jpg.rf.9bcd6ec99d1217c2fc4274c02fcc471c.jpg,640,640,tear,222,202,286,355
270_jpg.rf.9abbb66e7a6b1e7b43dcee66a672a2e0.jpg,640,640,tear,412,317,586,397
101_jpg.rf.99cbcb87081fe82262565657c8964b00.jpg,640,640,tear,297,426,361,526
117_jpg.rf.9a99df683f564a151df593fde62a799b.jpg,640,640,tear,265,290,358,432
117_jpg.rf.9a99df683f564a151df593fde62a799b.jpg,640,640,tear,423,254,452,378
223_png_jpg.rf.9a526ef0d8093f66995c9504e4fea68e.jpg,640,640,tear,236,342,268,347
107_jpg.rf.9ad35032c970d0c55706578e84be5d51.jpg,640,640,tear,342,294,431,381
31_jpg.rf.99ff79bbf9527490c4ec780e0a2b7440.jpg,640,640,tear,135,374,225,463
133_jpg.rf.9c60319124a7d013a560eaed930b6e9f.jpg,640,640,tear,274,357,363,386
22_jpg.rf.9b01813a35890508f7aad98ba0c4f9fe.jpg,640,640,tear,395,312,451,430
5__jpg.rf.9b0d8698ff48958e256ee2b8ce57323b.jpg,640,640,tear,372,395,513,468
5__jpg.rf.9b0d8698ff48958e256ee2b8ce57323b.jpg,640,640,tear,242,213,355,272
5__jpg.rf.9b0d8698ff48958e256ee2b8ce57323b.jpg,640,640,tear,543,366,608,465
237_png_jpg.rf.9d086e7c605dced3a6f35da1299857c3.jpg,640,640,tear,474,332,526,339
237_png_jpg.rf.9d086e7c605dced3a6f35da1299857c3.jpg,640,640,tear,521,322,553,333
272_jpg.rf.994709cf597bf2d97041a7c246f6db9c.jpg,640,640,tear,305,128,337,313
272_jpg.rf.994709cf597bf2d97041a7c246f6db9c.jpg,640,640,tear,250,342,297,379
236_png_jpg.rf.9cd01d0c539a5978853a8000a2e66a6b.jpg,640,640,tear,485,333,544,342
252_jpg.rf.99aee349b24ccbc75bf11bae21c5d776.jpg,640,640,tear,246,175,397,282
209_jpg.rf.9d49e77b22d67b9675bfcaefd05770b6.jpg,640,640,tear,277,333,356,420
118_jpg.rf.9dc31b0abd528998b5c920cfabbb5b0c.jpg,640,640,tear,302,278,375,327
217_png_jpg.rf.9918f3eacd89c0076b062350148ab46e.jpg,640,640,tear,283,330,329,348
217_png_jpg.rf.9918f3eacd89c0076b062350148ab46e.jpg,640,640,tear,368,321,388,337
262_jpg.rf.9d62fd6b4d462179f43cd9618602c298.jpg,640,640,tear,445,230,471,431
170_jpg.rf.9e22ec28b3ed4f0de9790eb82606876b.jpg,640,640,tear,328,289,355,357
103_jpg.rf.9dca3cb41f76963fcec374c23c419cf2.jpg,640,640,tear,203,373,353,403
125_jpg.rf.9ba4efb509698678e753cc9c65518be1.jpg,640,640,tear,272,434,382,480
116_jpg.rf.9a185e43b8a42425c554b7e56315b515.jpg,640,640,tear,288,296,413,365
200_jpg.rf.a02ceddf91cdf112bcad232d52c94364.jpg,640,640,tear,331,274,345,341
263_jpg.rf.a43ac396232249e339295fcc43050be7.jpg,640,640,tear,305,217,353,318
263_jpg.rf.a43ac396232249e339295fcc43050be7.jpg,640,640,tear,406,222,425,379
263_jpg.rf.a43ac396232249e339295fcc43050be7.jpg,640,640,tear,443,230,479,411
114_jpg.rf.a3c52e7efbdc845df5aec89ae88b5293.jpg,640,640,tear,270,272,387,330
66_jpg.rf.a0ca9486a9b8ea1b1b2865531ab5fd52.jpg,640,640,tear,360,310,466,371
66_jpg.rf.a0ca9486a9b8ea1b1b2865531ab5fd52.jpg,640,640,tear,275,283,338,341
198_jpg.rf.a69f6dc91f4c2c1eda154c06b649973e.jpg,640,640,tear,383,484,418,508
55_jpg.rf.a14514988704ef8d659ee48617bafd56.jpg,640,640,tear,71,421,254,466
55_jpg.rf.a14514988704ef8d659ee48617bafd56.jpg,640,640,tear,58,241,154,377
58_jpg.rf.a1a5c564e2a6e1ae755443bcca8d9db8.jpg,640,640,tear,293,178,377,246
58_jpg.rf.a1a5c564e2a6e1ae755443bcca8d9db8.jpg,640,640,tear,239,248,276,300
58_jpg.rf.a1a5c564e2a6e1ae755443bcca8d9db8.jpg,640,640,tear,179,148,262,244
77_jpg.rf.a27683c507b7c2b52be9715e30fd304b.jpg,640,640,tear,343,352,397,389
77_jpg.rf.a27683c507b7c2b52be9715e30fd304b.jpg,640,640,tear,392,434,424,470
77_jpg.rf.a27683c507b7c2b52be9715e30fd304b.jpg,640,640,tear,221,355,307,420
21_jpg.rf.a4292fa1317b8f0d1a772481a3bbb65e.jpg,640,640,tear,301,298,341,402
161_jpg.rf.a6082b97b3b6985b556380b12d40427f.jpg,640,640,tear,305,402,396,447
16_jpg.rf.a2ed1cbb21b4602f463a39f6af425c95.jpg,640,640,tear,288,305,322,388
19_jpg.rf.a11d0c435b00195177b16a5af2447adc.jpg,640,640,tear,284,312,329,432
333_jpg.rf.a4bdafe52c62a22343652d257fa7d61c.jpg,640,640,tear,169,115,230,350
333_jpg.rf.a4bdafe52c62a22343652d257fa7d61c.jpg,640,640,tear,228,340,322,541
118_jpg.rf.a2e35fc1c958a988e78837e833eba972.jpg,640,640,tear,314,386,415,531
201_jpg.rf.a6fba7995b6ddede9a75c2a22d69f230.jpg,640,640,tear,187,280,232,462
229_png_jpg.rf.a58ceafa535f9740b5c743397dfc1fb3.jpg,640,640,tear,250,311,273,331
229_png_jpg.rf.9e945df1ab7164b4162153bfde2cbacf.jpg,640,640,tear,250,311,273,331
146_jpg.rf.a5c0e6bb331bb59b0bf6a459126b97e1.jpg,640,640,tear,269,426,331,531
56_jpg.rf.a688097ff14f8773328516dde49ab05b.jpg,640,640,tear,180,334,383,380
56_jpg.rf.a688097ff14f8773328516dde49ab05b.jpg,640,640,tear,168,189,226,317
318_jpg.rf.a706c3de900545c55ee582d97e288737.jpg,640,640,tear,256,130,326,198
179_jpg.rf.a3f8f376ca76a45987ea4792ca5995f7.jpg,640,640,tear,299,376,318,486
228_png_jpg.rf.a46d007eed8d316aacaecd0bfa8e44b0.jpg,640,640,tear,295,279,321,302
12_jpg.rf.a6dfe04ff053bcfdcc34232aef269825.jpg,640,640,tear,260,349,308,420
125_jpg.rf.9f373671f443c71c02572e59ae5e0644.jpg,640,640,tear,272,434,382,480
166_jpg.rf.a1bdbbb6dfea222b1e34286563ff6faf.jpg,640,640,tear,328,322,374,349
107_jpg.rf.a75288eca9d10d824c053652ad303f82.jpg,640,640,tear,250,422,361,475
198_jpg.rf.a7a3eb2cc915d4797d8fbafbf36d5380.jpg,640,640,tear,383,484,418,508
14_jpg.rf.a800d69e0a51833c872dbeaf96e36d13.jpg,640,640,tear,310,89,465,243
33_jpg.rf.ab2921069ed15cb9c3243f33a5c95b90.jpg,640,640,tear,185,482,447,570
73_jpg.rf.a86e3213b24579619b327740f51638c0.jpg,640,640,tear,265,411,389,452
234_png_jpg.rf.9cf263270cc4f1944f05b8abe95c9bf5.jpg,640,640,tear,471,296,507,313
4_jpg.rf.a9c9454f812696487b6d4da4f2451551.jpg,640,640,tear,292,362,339,423
64_jpg.rf.aceac449449fe0a8a629ec698f8eedee.jpg,640,640,tear,239,265,473,341
312_jpg.rf.a9cf8d072c3d633343c87aa901e518d3.jpg,640,640,tear,255,310,282,374
75_jpg.rf.ac89dccdcff41f8f8c4408e1bb817daa.jpg,640,640,tear,222,338,247,422
75_jpg.rf.ac89dccdcff41f8f8c4408e1bb817daa.jpg,640,640,tear,334,422,391,472
138_jpg.rf.ac903806f1db445c121ce1734629a159.jpg,640,640,tear,293,239,349,286
138_jpg.rf.ac903806f1db445c121ce1734629a159.jpg,640,640,tear,378,267,427,378
159_jpg.rf.a99577b2cfcb0cc9738e30cd05c9b4fc.jpg,640,640,tear,260,338,323,374
49_jpg.rf.ab478a321fbca9aadbcdcb922e48699c.jpg,640,640,tear,179,202,375,275
49_jpg.rf.ab478a321fbca9aadbcdcb922e48699c.jpg,640,640,tear,182,271,247,372
308_jpg.rf.ae9ad742b22038c9f4eb1a7ff674f30d.jpg,640,640,tear,244,401,328,463
153_jpg.rf.ae771c2998230fd41b7250287a77e25e.jpg,640,640,tear,343,347,356,418
222_png_jpg.rf.af12e29d65c771059367830c86a1bc56.jpg,640,640,tear,233,338,278,345
23_jpg.rf.abd63d4513ced9733a524c5692138bb5.jpg,640,640,tear,219,259,310,344
198_jpg.rf.af8250687e52655990eb2b28395da2a3.jpg,640,640,tear,383,484,418,508
226_png_jpg.rf.ae479bf7702ea24f7ac5346d3b7b9b90.jpg,640,640,tear,333,360,347,364
226_png_jpg.rf.ae479bf7702ea24f7ac5346d3b7b9b90.jpg,640,640,tear,352,336,365,347
110_jpg.rf.aa7cdc9ebb7603e104d32e060666f5a5.jpg,640,640,tear,277,406,342,480
110_jpg.rf.aa7cdc9ebb7603e104d32e060666f5a5.jpg,640,640,tear,171,182,236,386
152_jpg.rf.aaf247a1f78c8dcff48a12161c0be239.jpg,640,640,tear,318,388,341,446
203_jpg.rf.a839b91fcccf5ebc0f8027acb08a25c5.jpg,640,640,tear,202,356,228,442
157_jpg.rf.b0499863a11afe9afe4c8e2a25026273.jpg,640,640,tear,222,345,284,391
42_jpg.rf.b0ff032c0d6013b05cd47df24c1d96b4.jpg,640,640,tear,304,424,336,522
42_jpg.rf.b0ff032c0d6013b05cd47df24c1d96b4.jpg,640,640,tear,210,252,278,438
42_jpg.rf.b0ff032c0d6013b05cd47df24c1d96b4.jpg,640,640,tear,358,302,386,502
218_png_jpg.rf.ad2ac79f4de3957d4e721b1f1020a9a1.jpg,640,640,tear,300,331,346,353
218_png_jpg.rf.ad2ac79f4de3957d4e721b1f1020a9a1.jpg,640,640,tear,401,328,422,346
201_jpg.rf.ac24d4e092b34a59523bc4357773a383.jpg,640,640,tear,187,280,232,462
325_jpg.rf.b0985b11dd076be3f56e80d095cb364f.jpg,640,640,tear,315,318,357,377
146_jpg.rf.b257270836a8c90a7a98fbdc4ebfed69.jpg,640,640,tear,269,426,331,531
103_jpg.rf.af8fd6171fd478dddf9fd61487b10396.jpg,640,640,tear,228,446,380,520
106_jpg.rf.b3cbb21649777800848b5a15172ffadc.jpg,640,640,tear,208,402,420,483
196_jpg.rf.b3f4fa47948ee2a38465591d0b141530.jpg,640,640,tear,260,187,285,292
111_jpg.rf.b4b03687ac11745f97531a2c9966890b.jpg,640,640,tear,181,116,447,271
258_jpg.rf.b3c561a6f48e94d7917887ddbcd8b972.jpg,640,640,tear,243,284,303,406
258_jpg.rf.b3c561a6f48e94d7917887ddbcd8b972.jpg,640,640,tear,342,292,365,368
201_jpg.rf.b2accbf1b4de1592b77f57879987fe8e.jpg,640,640,tear,187,280,232,462
54_jpg.rf.b5d7cbeb9c71199eae6d6baf7a45f749.jpg,640,640,tear,195,313,340,370
146_jpg.rf.b841bae453fa8df8c1af93feebd19ba1.jpg,640,640,tear,269,426,331,531
10_jpg.rf.b720cc66517d6fd28454a0c88b9a021f.jpg,640,640,tear,193,378,310,406
270_jpg.rf.b66dd43d8a3f3c695a7852395f98f0bd.jpg,640,640,tear,412,317,586,397
132_jpg.rf.b54367cbdb7116d86f27c39b11254e0d.jpg,640,640,tear,222,323,354,365
115_jpg.rf.b1a1b36bcd70e4a11d776b9e14dde146.jpg,640,640,tear,236,286,309,369
115_jpg.rf.b1a1b36bcd70e4a11d776b9e14dde146.jpg,640,640,tear,145,293,197,374
31_jpg.rf.b6172620244676b6d4ff626185565db8.jpg,640,640,tear,135,374,225,463
247_jpg.rf.b99065e4b8ee28fa7d5140ea14845815.jpg,640,640,tear,357,272,392,367
179_jpg.rf.b8fc94f5e51305baa96400601b0f16cf.jpg,640,640,tear,299,376,318,486
2_jpg.rf.b734355823ddb7a64140a432c6dd7bf9.jpg,640,640,tear,327,376,354,414
301_jpg.rf.b511f906395309494a89f0538ebd3abf.jpg,640,640,tear,337,456,374,486
214_png_jpg.rf.bab676fa3ad24598b6c4ccb7372f937a.jpg,640,640,tear,277,306,296,328
139_jpg.rf.b3a1e75227f7e4cffdb67d9e78f8c1af.jpg,640,640,tear,280,270,331,412
182_jpg.rf.ba253325fe653e0163da4273bb9711ba.jpg,640,640,tear,251,341,303,397
119_jpg.rf.b86ec4d5f197fb1afcc5a346b2c5c351.jpg,640,640,tear,312,225,380,283
119_jpg.rf.b86ec4d5f197fb1afcc5a346b2c5c351.jpg,640,640,tear,184,227,270,382
127_jpg.rf.b605437df2744aa0becbbf0e1248cfcf.jpg,640,640,tear,292,277,378,325
328_jpg.rf.b8a2436a83afa5cfe749bf994768f16c.jpg,640,640,tear,282,287,331,340
185_jpg.rf.bb7bf18f6da1e41827c7c2fb41317321.jpg,640,640,tear,271,260,301,313
131_jpg.rf.b9d6afa7e0fdf5f3090a092a40d0624c.jpg,640,640,tear,184,295,268,516
269_jpg.rf.bbce1b606f4da9949502396399950a02.jpg,640,640,tear,407,354,490,422
269_jpg.rf.bbce1b606f4da9949502396399950a02.jpg,640,640,tear,522,354,588,407
119_jpg.rf.bba2cd3e305ab071240efcbe546112b8.jpg,640,640,tear,312,225,380,283
119_jpg.rf.bba2cd3e305ab071240efcbe546112b8.jpg,640,640,tear,184,227,270,382
24_jpg.rf.bb902b2e1fdfec1d3501321178f29a87.jpg,640,640,tear,157,387,204,512
24_jpg.rf.bb902b2e1fdfec1d3501321178f29a87.jpg,640,640,tear,303,431,358,502
331_jpg.rf.b49bfa6e02599537a03446d79e77b0be.jpg,640,640,tear,373,340,440,480
133_jpg.rf.bc61935212c9e2f9e81bc02094b0f11d.jpg,640,640,tear,274,357,363,386
200_jpg.rf.b87fe9af19a891bcec641b6a59bd2ff1.jpg,640,640,tear,331,274,345,341
234_png_jpg.rf.ad0c13cfe8129778f91a048b48abbf60.jpg,640,640,tear,471,296,507,313
11_jpg.rf.bc342e90349d2c74155ea29043358383.jpg,640,640,tear,381,502,407,632
12_jpg.rf.bcd1421dfb51ad18bc27227b52a84b5a.jpg,640,640,tear,260,349,308,420
113_jpg.rf.be5727ba39f782e9637be6c8b08536e2.jpg,640,640,tear,227,396,292,487
113_jpg.rf.be5727ba39f782e9637be6c8b08536e2.jpg,640,640,tear,354,380,494,530
95_jpg.rf.bdfdbe886d28e612fabbb3fc6363f0e8.jpg,640,640,tear,238,233,312,330
95_jpg.rf.bdfdbe886d28e612fabbb3fc6363f0e8.jpg,640,640,tear,384,204,424,285
261_jpg.rf.bce9a0cac0898fe6b6f983048765be42.jpg,640,640,tear,469,309,559,428
149_jpg.rf.c0c7b47d37b12b3fb28976033a311efe.jpg,640,640,tear,156,398,316,519
154_jpg.rf.bbdc30ae5d6d4897ec960b9cb8f9658c.jpg,640,640,tear,216,301,272,322
131_jpg.rf.be2130f172b0c54d3c635a308820466e.jpg,640,640,tear,284,342,390,394
318_jpg.rf.bebcff5e2624a46fced64fc9c04e3b1c.jpg,640,640,tear,256,130,326,198
37_jpg.rf.bd023c9c48cf570cbb37c8f4642e6690.jpg,640,640,tear,245,389,339,425
224_png_jpg.rf.bc563d2fd289f8b7c2325c990fd709c0.jpg,640,640,tear,269,340,303,350
17_jpg.rf.c11e0981ae48588491a889d18198feda.jpg,640,640,tear,289,308,327,425
3_jpg.rf.be50347eeb504767df3d6f0bf00da684.jpg,640,640,tear,288,167,462,245
103_jpg.rf.c10ab08c128512be3140d827b36336bb.jpg,640,640,tear,203,373,353,403
17_jpg.rf.c00b86dcbe2bb1896b1abefa5cd14f45.jpg,640,640,tear,289,308,327,425
157_jpg.rf.be1751606e9e243118051b105d98c363.jpg,640,640,tear,222,345,284,391
231_jpg.rf.c1c7cc9b4933ef3da4b93b18635ef388.jpg,640,640,tear,278,403,324,472
72_jpg.rf.c1a7fa54f4f7d6ed9155262bcda102a2.jpg,640,640,tear,175,339,353,394
35_jpg.rf.c296e6fddec33e59a4682c1ef8868c9e.jpg,640,640,tear,127,120,164,385
42_jpg.rf.c0fa0146a5f560f923c2f44f241a8181.jpg,640,640,tear,304,424,336,522
42_jpg.rf.c0fa0146a5f560f923c2f44f241a8181.jpg,640,640,tear,210,252,278,438
42_jpg.rf.c0fa0146a5f560f923c2f44f241a8181.jpg,640,640,tear,358,302,386,502
120_jpg.rf.c2310afc7129d810715d60f6dedb2cad.jpg,640,640,tear,374,171,543,304
313_jpg.rf.c29971793bc5ebe455a26c326678110a.jpg,640,640,tear,306,110,327,251
157_jpg.rf.c04ed6adc248baccb3c8863bdd828603.jpg,640,640,tear,222,345,284,391
136_jpg.rf.c11de78438705cda19be05cb722d7ee3.jpg,640,640,tear,232,358,415,549
227_png_jpg.rf.c2d53d698cbe6eeb11c6425159e3e50f.jpg,640,640,tear,248,316,276,337
101_jpg.rf.c30302da6846d89db6b6e09a0c7c04f9.jpg,640,640,tear,363,276,433,390
234_png_jpg.rf.c2a460263ffb94ee23057a5d8dece17d.jpg,640,640,tear,471,296,507,313
221_png_jpg.rf.c40b28d1fc9725f30c4c65daa4dfc8a9.jpg,640,640,tear,237,315,269,327
241_jpg.rf.c6678b74fba76514d9d392b0634076f9.jpg,640,640,tear,272,373,344,449
37_jpg.rf.c1c61ccf98a1eba2f561996b24e89f06.jpg,640,640,tear,245,389,339,425
273_jpg.rf.c4182f4e712818e0bd1f3fdf9449e4ef.jpg,640,640,tear,299,109,331,259
238_jpg.rf.c431d3c959da23f217fa9cc69ecf2890.jpg,640,640,tear,338,399,414,513
128_jpg.rf.c48af29edb4b5eba93f6400d44485487.jpg,640,640,tear,270,324,370,373
228_png_jpg.rf.c38f76f338d2b805b8dd9898bd6cd3b1.jpg,640,640,tear,295,279,321,302
139_jpg.rf.c881955297957ab0ef5d7cc68b30c37a.jpg,640,640,tear,280,270,331,412
212_png_jpg.rf.c6b79e08bc205610c5f41a3f91855f14.jpg,640,640,tear,251,292,291,315
332_jpg.rf.c4448778dc2108239bfeb9e14ed43964.jpg,640,640,tear,190,142,414,322
332_jpg.rf.c4448778dc2108239bfeb9e14ed43964.jpg,640,640,tear,362,446,500,543
202_jpg.rf.c3d1b1c98f3ff3e1ae725f77647c7cb3.jpg,640,640,tear,194,280,223,455
31_jpg.rf.c45cf8592d310bfa99e965f9755874fc.jpg,640,640,tear,228,351,334,407
302_jpg.rf.c75c81434574e7adb5911ec2c7e5a066.jpg,640,640,tear,331,427,380,454
169_jpg.rf.c777798b203d63410bf6077c1334dc73.jpg,640,640,tear,237,260,278,330
214_png_jpg.rf.c5dcc9564865a11b64cf82ffe44f88e8.jpg,640,640,tear,277,306,296,328
256_jpg.rf.c506f46cacaa7e26d80a5bf572b2c259.jpg,640,640,tear,277,416,367,488
256_jpg.rf.c506f46cacaa7e26d80a5bf572b2c259.jpg,640,640,tear,244,154,357,241
3_jpg.rf.c767924a76a7909dfb96602a89c77277.jpg,640,640,tear,288,167,462,245
98_jpg.rf.c46e7b415390dbf089308623705d2012.jpg,640,640,tear,230,307,341,423
98_jpg.rf.c46e7b415390dbf089308623705d2012.jpg,640,640,tear,355,257,392,394
144_jpg.rf.c75b3c2a3aa77554825deeeb69bf5cf7.jpg,640,640,tear,354,240,387,395
336_jpg.rf.c4bc5f5d87a12150aca14ec45f45314b.jpg,640,640,tear,299,326,319,408
336_jpg.rf.c4bc5f5d87a12150aca14ec45f45314b.jpg,640,640,tear,325,418,385,449
166_jpg.rf.ca4b12cddaddaecd73d88a1f915658c9.jpg,640,640,tear,328,322,374,349
149_jpg.rf.c9b942cd60aadd3c922c85739106ff44.jpg,640,640,tear,156,398,316,519
102_jpg.rf.c8e50d8fd666ee4402f34c7d58c3f4ec.jpg,640,640,tear,238,264,299,369
102_jpg.rf.c8e50d8fd666ee4402f34c7d58c3f4ec.jpg,640,640,tear,355,235,397,333
191_jpg.rf.cc1424cd0ae350d70a022d0552bfe4f1.jpg,640,640,tear,281,232,336,262
191_jpg.rf.cc1424cd0ae350d70a022d0552bfe4f1.jpg,640,640,tear,265,129,300,191
7_jpg.rf.cb2af75cef938a5a7ac254f404d8d501.jpg,640,640,tear,286,296,389,334
160_jpg.rf.ccac03f712cfadf2c6a8d46c2e517b15.jpg,640,640,tear,300,425,381,476
135_jpg.rf.caaf22695bce8ea920c7a149364e2f00.jpg,640,640,tear,222,348,428,561
34_jpg.rf.cb2d8cd916f207531041ac8b493993a1.jpg,640,640,tear,265,379,413,449
123_jpg.rf.c972af63782cc5d01b525f82864178c1.jpg,640,640,tear,273,378,365,408
123_jpg.rf.c972af63782cc5d01b525f82864178c1.jpg,640,640,tear,393,224,426,324
134_jpg.rf.ce0a67c3f1999293b28900f02145d9d2.jpg,640,640,tear,221,393,317,494
255_jpg.rf.cb7e4948f81612c5305262c70cce4861.jpg,640,640,tear,246,305,359,407
110_jpg.rf.cdfbf5f25660d3c0676b0936ba9fc4b0.jpg,640,640,tear,277,406,342,480
110_jpg.rf.cdfbf5f25660d3c0676b0936ba9fc4b0.jpg,640,640,tear,171,182,236,386
243_jpg.rf.ce675edfe697d869dbba6af684b70b4c.jpg,640,640,tear,355,366,412,436
243_jpg.rf.ce675edfe697d869dbba6af684b70b4c.jpg,640,640,tear,223,132,373,194
16_jpg.rf.cab333439da3d338084425553694b783.jpg,640,640,tear,288,305,322,388
92_jpg.rf.ca82beb034b1aae443dd1329ca3cf3a7.jpg,640,640,tear,213,306,375,391
183_jpg.rf.ceeaadc9f22ddfbfd73f0824969b4b7a.jpg,640,640,tear,335,418,356,486
36_jpg.rf.ccfc47683f2e88390231d2704a7cf489.jpg,640,640,tear,302,398,427,450
133_jpg.rf.cfbac55c5c66fc757555ba3e221881fd.jpg,640,640,tear,274,357,363,386
304_jpg.rf.cdb29e0ab823b27e95c2310e93986959.jpg,640,640,tear,334,358,358,467
304_jpg.rf.cdb29e0ab823b27e95c2310e93986959.jpg,640,640,tear,280,301,325,466
32_jpg.rf.ce70423dab7be7bfb8fb1008ac4f46c8.jpg,640,640,tear,379,149,512,294
32_jpg.rf.ce70423dab7be7bfb8fb1008ac4f46c8.jpg,640,640,tear,222,202,286,355
241_jpg.rf.ce5929b544a15e979ca9797391816aa1.jpg,640,640,tear,272,373,344,449
264_jpg.rf.ce5cd88760a16a97243cde6d8a3f278a.jpg,640,640,tear,432,190,518,367
177_jpg.rf.d099946a3ed1f1eb8bbc50b8e41ef8d0.jpg,640,640,tear,336,326,361,417
308_jpg.rf.cf967047f1c323824ac399eb061cb5e8.jpg,640,640,tear,244,401,328,463
37_jpg.rf.cc76f10fc43433adef48538a7d290e68.jpg,640,640,tear,245,389,339,425
318_jpg.rf.d0f7136cfe4bcdf5a10735b8808e1405.jpg,640,640,tear,256,130,326,198
2_jpg.rf.d067875a1beebe0d4677841b02b8b9b2.jpg,640,640,tear,327,376,354,414
17_jpg.rf.d08cb0867ca40ff999ff8bd58ddb0316.jpg,640,640,tear,170,215,237,360
148_jpg.rf.cf6f55e7604bb64d24b32ba3c4c6eb78.jpg,640,640,tear,215,408,335,515
23_jpg.rf.cfe80ae8feb1d90f1dc800e2c269d3f4.jpg,640,640,tear,370,256,450,402
128_jpg.rf.d04d2e6ebfcf06f1ed2227754d946eb0.jpg,640,640,tear,278,135,411,268
70_jpg.rf.d0ef41d678960c8a4355301c7c181e7e.jpg,640,640,tear,136,310,302,346
70_jpg.rf.d0ef41d678960c8a4355301c7c181e7e.jpg,640,640,tear,157,373,301,395
55_jpg.rf.d1d07b6ab5cf414c915ef873ba429f48.jpg,640,640,tear,71,421,254,466
55_jpg.rf.d1d07b6ab5cf414c915ef873ba429f48.jpg,640,640,tear,58,241,154,377
11_jpg.rf.d180a86aaa6a4c10e078f932a734533d.jpg,640,640,tear,381,502,407,632
215_png_jpg.rf.d20b61f527c57cc5d381ad7ae697a36a.jpg,640,640,tear,331,321,352,330
215_png_jpg.rf.d20b61f527c57cc5d381ad7ae697a36a.jpg,640,640,tear,367,323,384,333
131_jpg.rf.d0b0fda93a01b84d8035c138234cc5fa.jpg,640,640,tear,184,295,268,516
112_jpg.rf.d1d79d722107a9e2a5f39f16593a7cf5.jpg,640,640,tear,181,119,402,324
64_jpg.rf.cfbbfa141a317cdf29425897716d5375.jpg,640,640,tear,239,265,473,341
104_jpg.rf.00a5b2d51d51e4d148094337a1d17632.jpg,640,640,tear,255,389,323,413
104_jpg.rf.00a5b2d51d51e4d148094337a1d17632.jpg,640,640,tear,205,203,371,332
246_jpg.rf.00deabbe70714a99dc1c5a3cda3d1a8e.jpg,640,640,tear,216,279,269,404
174_jpg.rf.00a73b796f1d6d177b4078385b523c85.jpg,640,640,tear,420,356,443,441
25_jpg.rf.02aac66f91e936e7088effc65c9cb11c.jpg,640,640,tear,353,161,497,538
95_jpg.rf.00e6845f9c2ebabbb39e489d3e6a4924.jpg,640,640,tear,238,233,312,330
95_jpg.rf.00e6845f9c2ebabbb39e489d3e6a4924.jpg,640,640,tear,384,204,424,285
5_jpg.rf.02f136136f82ad5656cfae9274eed42d.jpg,640,640,tear,295,319,347,399
332_jpg.rf.0587aade4c53836db6d5255c72e680aa.jpg,640,640,tear,190,142,414,322
332_jpg.rf.0587aade4c53836db6d5255c72e680aa.jpg,640,640,tear,362,446,500,543
128_jpg.rf.01ee7d4179ad017bec746a00171d54a5.jpg,640,640,tear,278,135,411,268
164_jpg.rf.046a798cb7707283a4d32362f0b28a87.jpg,640,640,tear,347,392,388,470
164_jpg.rf.046a798cb7707283a4d32362f0b28a87.jpg,640,640,tear,329,500,372,524
28_jpg.rf.0485960e2c24299f9dec6a22ce2c1773.jpg,640,640,tear,254,361,404,409
28_jpg.rf.0485960e2c24299f9dec6a22ce2c1773.jpg,640,640,tear,331,297,461,358
109_jpg.rf.01e5032fee431931d7430f898c2172fa.jpg,640,640,tear,263,234,334,298
18_jpg.rf.0727be5326a3b4415a69a2cea006afa3.jpg,640,640,tear,174,184,241,348
18_jpg.rf.0727be5326a3b4415a69a2cea006afa3.jpg,640,640,tear,223,398,337,501
41_jpg.rf.04dc6ff7126657b44c8217b23ceb3770.jpg,640,640,tear,166,346,279,388
46_jpg.rf.00bfbf5be9c0f4239328400d6b45d913.jpg,640,640,tear,256,165,434,202
46_jpg.rf.00bfbf5be9c0f4239328400d6b45d913.jpg,640,640,tear,241,358,443,402
23_jpg.rf.0106c4c7b7c1de9c2e4765972b0eb7c8.jpg,640,640,tear,219,259,310,344
125_jpg.rf.03d862eec84ee5c38425972dffe22591.jpg,640,640,tear,321,186,479,323
197_jpg.rf.07cb88bf91062b09d2f0bd2a4257a3c2.jpg,640,640,tear,309,270,369,296
197_jpg.rf.07cb88bf91062b09d2f0bd2a4257a3c2.jpg,640,640,tear,339,169,352,201
39_jpg.rf.0625fcff4699536e7172171c2d06a8b8.jpg,640,640,tear,204,393,333,443
14_jpg.rf.071bb9d7d49671a496dbb7a3b291f7ea.jpg,640,640,tear,282,334,336,407
43_jpg.rf.0a3e9a81aa9f60bf8b709dceec488e87.jpg,640,640,tear,434,409,554,582
43_jpg.rf.0a3e9a81aa9f60bf8b709dceec488e87.jpg,640,640,tear,461,221,512,333
137_jpg.rf.0bec01202db1dc1dde66389cbff561e3.jpg,640,640,tear,279,239,308,387
137_jpg.rf.0bec01202db1dc1dde66389cbff561e3.jpg,640,640,tear,333,351,365,466
316_jpg.rf.08328aff558108ade9d8aa04fe453e5d.jpg,640,640,tear,233,250,347,411
74_jpg.rf.0df497fdea4d809b54c096f8d91463db.jpg,640,640,tear,246,354,373,413
28_jpg.rf.0c013e35cb6d4f488fac47a4c69d4400.jpg,640,640,tear,254,361,404,409
28_jpg.rf.0c013e35cb6d4f488fac47a4c69d4400.jpg,640,640,tear,331,297,461,358
170_jpg.rf.07f7fa93b04dc1c38f9dcb7b15174630.jpg,640,640,tear,328,289,355,357
129_jpg.rf.0d360782e369149c4d210361443c76fa.jpg,640,640,tear,371,244,415,328
145_jpg.rf.0b314a507cf22f5f6c4eea43f094960e.jpg,640,640,tear,433,209,498,388
134_jpg.rf.0cc258b750e0a011a6f7b8c0352a3455.jpg,640,640,tear,221,393,317,494
250_jpg.rf.0d9e9689d7a38d5eb7d072c974f1d173.jpg,640,640,tear,350,263,385,333
135_jpg.rf.0fa52d13c470d295028873dee9b0c26a.jpg,640,640,tear,222,348,428,561
196_jpg.rf.08fa94e9fa075233835fd603cb32a978.jpg,640,640,tear,260,187,285,292
320_jpg.rf.0d3800d16cb466c165ac23142b719ad7.jpg,640,640,tear,255,285,287,370
1_jpg.rf.0ca56ce8b3dfbd6978e9392dd88ae2b0.jpg,640,640,tear,275,334,339,414
247_jpg.rf.0f7abe2cc52a67a2dd1ebeb969632e39.jpg,640,640,tear,357,272,392,367
68_jpg.rf.10154455436000b99ff48bce6b71d162.jpg,640,640,tear,145,214,350,305
68_jpg.rf.10154455436000b99ff48bce6b71d162.jpg,640,640,tear,271,413,342,444
23_jpg.rf.0e3d3adf7b239980e0f0c7b1dd4b88d9.jpg,640,640,tear,370,256,450,402
156_jpg.rf.0ba3a9f58efa63b81c8d431169e0bc05.jpg,640,640,tear,236,473,303,504
114_jpg.rf.11829035797320cedcc357226a8c4d64.jpg,640,640,tear,270,272,387,330
215_png_jpg.rf.11ca5a2e92f902a4ade30d7f28d83a96.jpg,640,640,tear,331,321,352,330
215_png_jpg.rf.11ca5a2e92f902a4ade30d7f28d83a96.jpg,640,640,tear,367,323,384,333
52_jpg.rf.12fc9a0341464549601a734bfa8962cf.jpg,640,640,tear,210,243,278,353
136_jpg.rf.0fd8ad347bbbeec940b5bbfaa30d7707.jpg,640,640,tear,232,358,415,549
220_png_jpg.rf.12db367b1b50705bd2332e5606dade9d.jpg,640,640,tear,257,329,299,346
220_png_jpg.rf.12db367b1b50705bd2332e5606dade9d.jpg,640,640,tear,329,320,356,337
16_jpg.rf.12999d33cf444a426527751666153faf.jpg,640,640,tear,209,387,321,468
24_jpg.rf.102373f317b507ffbe6449fcedd635d4.jpg,640,640,tear,209,343,390,394
199_jpg.rf.11a4feeac03377c6960ea820eda0a054.jpg,640,640,tear,283,372,346,414
316_jpg.rf.121b441922b712a75aaf7b814dfdfc7a.jpg,640,640,tear,233,250,347,411
217_png_jpg.rf.138e88e2664e39635527b2b792509f1d.jpg,640,640,tear,283,330,329,348
217_png_jpg.rf.138e88e2664e39635527b2b792509f1d.jpg,640,640,tear,368,321,388,337
27_jpg.rf.138106a8c4789fed8497fe17c78b0b6b.jpg,640,640,tear,334,290,418,334
27_jpg.rf.138106a8c4789fed8497fe17c78b0b6b.jpg,640,640,tear,275,367,386,404
27_jpg.rf.138106a8c4789fed8497fe17c78b0b6b.jpg,640,640,tear,337,331,449,371
124_jpg.rf.14ae36cc1368f1d257e4d071b335b548.jpg,640,640,tear,275,493,393,523
124_jpg.rf.14ae36cc1368f1d257e4d071b335b548.jpg,640,640,tear,236,340,337,473
245_jpg.rf.13905a8a960f13bd941919f01c6e3329.jpg,640,640,tear,254,309,291,373
45_jpg.rf.10d05467d824162fe7f3f65c0dff3780.jpg,640,640,tear,203,391,393,448
230_jpg.rf.134141dc26e86d2551a222ee8f374b9d.jpg,640,640,tear,287,328,312,425
140_jpg.rf.10e0900078ed865d6f7899e21463e016.jpg,640,640,tear,313,356,370,450
161_jpg.rf.159fd6d047d53f67da4e790f0eba3167.jpg,640,640,tear,305,402,396,447
242_jpg.rf.16dabdb47c1854d967c81385eef78fd9.jpg,640,640,tear,276,312,363,435
20_jpg.rf.13c07c9b099eff1c6e5a1021dc148592.jpg,640,640,tear,437,368,468,531
20_jpg.rf.13c07c9b099eff1c6e5a1021dc148592.jpg,640,640,tear,358,365,389,443
45_jpg.rf.0cfecbd63911ef9c339d61514eecd867.jpg,640,640,tear,203,391,393,448
164_jpg.rf.175782493b2d4f3e8ed6c4359bdd4c56.jpg,640,640,tear,347,392,388,470
164_jpg.rf.175782493b2d4f3e8ed6c4359bdd4c56.jpg,640,640,tear,329,500,372,524
69_jpg.rf.1a9008083b2525964752ddaf2a563e24.jpg,640,640,tear,253,311,431,394
131_jpg.rf.1e41f298d9b44e26d6326f61e36160f6.jpg,640,640,tear,184,295,268,516
130_jpg.rf.19bc7687fda7dcee5c8b7f73bf568e44.jpg,640,640,tear,258,312,371,354
239_jpg.rf.180b38024c16173eefded3bd5c93894a.jpg,640,640,tear,249,320,305,483
239_jpg.rf.180b38024c16173eefded3bd5c93894a.jpg,640,640,tear,306,380,336,471
32_jpg.rf.1bcd074db33e9c7bdc1a63bbae8db5f1.jpg,640,640,tear,173,329,227,378
231_png_jpg.rf.174b8d1eb82488e8e793ba3e873865e0.jpg,640,640,tear,275,298,307,327
57_jpg.rf.14895263b50ee7de7026e920fdc0ceb2.jpg,640,640,tear,325,367,360,403
57_jpg.rf.14895263b50ee7de7026e920fdc0ceb2.jpg,640,640,tear,207,320,256,367
129_jpg.rf.1ad8026ecf2d08dcff7c1e7746cc42a5.jpg,640,640,tear,264,319,379,360
26_jpg.rf.183a1b7fcf680bfef553fe41de996ca8.jpg,640,640,tear,209,255,266,346
26_jpg.rf.183a1b7fcf680bfef553fe41de996ca8.jpg,640,640,tear,284,346,392,378
61_jpg.rf.12257ccb03845c57c4c27403e4e9aa12.jpg,640,640,tear,192,402,326,425
27_jpg.rf.1566487092883d00bbe74d0b9981a789.jpg,640,640,tear,334,290,418,334
27_jpg.rf.1566487092883d00bbe74d0b9981a789.jpg,640,640,tear,275,367,386,404
27_jpg.rf.1566487092883d00bbe74d0b9981a789.jpg,640,640,tear,337,331,449,371
101_jpg.rf.1e8d7577ade23b5f7e0a9b1aa0bd9654.jpg,640,640,tear,363,276,433,390
127_jpg.rf.1b45d8f0d7f039f996d6a49742c322bd.jpg,640,640,tear,292,277,378,325
12_jpg.rf.16b0052fbf8b81a50d67cc77e79c6197.jpg,640,640,tear,199,254,366,421
63_jpg.rf.1e1f585f726204dbe9add49514780ef3.jpg,640,640,tear,159,268,368,342
63_jpg.rf.1e1f585f726204dbe9add49514780ef3.jpg,640,640,tear,155,439,349,470
65_jpg.rf.1a9fbbec5c728cded046f0ce0983631e.jpg,640,640,tear,338,325,469,401
110_jpg.rf.1daaf407d7251138af8da1c925688149.jpg,640,640,tear,277,406,342,480
110_jpg.rf.1daaf407d7251138af8da1c925688149.jpg,640,640,tear,171,182,236,386
173_jpg.rf.1ed2c80ae1962892c99a2802228d6183.jpg,640,640,tear,286,344,367,376
30_jpg.rf.205459779c713b530c0704b248e0c81c.jpg,640,640,tear,276,379,413,419
324_jpg.rf.217de93759dfeaa50979bf53ea20aae3.jpg,640,640,tear,341,433,388,467
156_jpg.rf.2055ac1f6c384980908f0f8d85020a15.jpg,640,640,tear,236,473,303,504
170_jpg.rf.20bf38f2267a6940e41e7bfc28c64008.jpg,640,640,tear,328,289,355,357
268_jpg.rf.21927229c1a30909b6ec55fb3141d2f3.jpg,640,640,tear,401,327,466,356
268_jpg.rf.21927229c1a30909b6ec55fb3141d2f3.jpg,640,640,tear,510,316,590,377
136_jpg.rf.1fa959597cd67922b67f0c6fa428c8d0.jpg,640,640,tear,336,311,367,375
136_jpg.rf.1fa959597cd67922b67f0c6fa428c8d0.jpg,640,640,tear,249,384,359,414
331_jpg.rf.21e5ca29d1203ca895051cded3088fbc.jpg,640,640,tear,373,340,440,480
266_jpg.rf.1a4bfeef52c6dcf4368a666eae3dbfb0.jpg,640,640,tear,278,185,312,408
266_jpg.rf.1a4bfeef52c6dcf4368a666eae3dbfb0.jpg,640,640,tear,332,294,358,447
28_jpg.rf.1fa58827044c90082c3cea846768a8d3.jpg,640,640,tear,254,361,404,409
28_jpg.rf.1fa58827044c90082c3cea846768a8d3.jpg,640,640,tear,331,297,461,358
105_jpg.rf.220828a6157fb966ae2eabd972f95447.jpg,640,640,tear,224,366,383,496
134_jpg.rf.2127d6913329a3a520cb2ec513103f06.jpg,640,640,tear,221,393,317,494
268_jpg.rf.2056680f47f882e356e98e1745195f9c.jpg,640,640,tear,401,327,466,356
268_jpg.rf.2056680f47f882e356e98e1745195f9c.jpg,640,640,tear,510,316,590,377
131_jpg.rf.230682cf428d0d1b037dece68c3aad5e.jpg,640,640,tear,284,342,390,394
261_jpg.rf.20a81afb31c6368bab3998adcd690a3d.jpg,640,640,tear,469,309,559,428
317_jpg.rf.2310e982e05e54b35049bfadd6bcf196.jpg,640,640,tear,233,123,345,189
18_jpg.rf.23d3866b7703fbe8e4298dfe2e7df485.jpg,640,640,tear,174,184,241,348
18_jpg.rf.23d3866b7703fbe8e4298dfe2e7df485.jpg,640,640,tear,223,398,337,501
35_jpg.rf.222ee82bc436b96d6ff701c2120512e6.jpg,640,640,tear,335,375,455,418
322_jpg.rf.21ea60ce80c33c4afd2e6954b10ea692.jpg,640,640,tear,303,434,386,470
70_jpg.rf.22e485f88f2b47ad23393210e0a13601.jpg,640,640,tear,136,310,302,346
70_jpg.rf.22e485f88f2b47ad23393210e0a13601.jpg,640,640,tear,157,373,301,395
90_jpg.rf.2468357302e83d4bdaa89737f53390be.jpg,640,640,tear,205,147,303,302
235_png_jpg.rf.24cbb14e92c4e2792174dd10cfe5a764.jpg,640,640,tear,428,298,477,334
29_jpg.rf.21f44446db2026b7a1f8c59935180822.jpg,640,640,tear,225,309,427,363
138_jpg.rf.262f425839ae6fe4b5714c4ccd62b938.jpg,640,640,tear,250,119,354,214
138_jpg.rf.262f425839ae6fe4b5714c4ccd62b938.jpg,640,640,tear,270,222,346,436
36_jpg.rf.247c90aa341cc976f4f32668e148013d.jpg,640,640,tear,217,236,421,470
72_jpg.rf.2494b59229ff30b16d87428718ffeb3e.jpg,640,640,tear,175,339,353,394
223_png_jpg.rf.26dee3c123220b2bfdb0c170f48dca3d.jpg,640,640,tear,236,342,268,347
182_jpg.rf.27596117f8a8c3c40824592976879c64.jpg,640,640,tear,251,341,303,397
309_jpg.rf.25d3baf6526e30702017edf6d911c11f.jpg,640,640,tear,239,409,328,470
38_jpg.rf.22487269ecf5d6d0b007fd74abe0a4d7.jpg,640,640,tear,158,395,287,574
38_jpg.rf.22487269ecf5d6d0b007fd74abe0a4d7.jpg,640,640,tear,303,514,529,588
38_jpg.rf.22487269ecf5d6d0b007fd74abe0a4d7.jpg,640,640,tear,453,339,486,445
196_jpg.rf.2646ef7c01165bdb5479a12349ca3451.jpg,640,640,tear,260,187,285,292
133_jpg.rf.2787bece99d88bfeed3552d053091363.jpg,640,640,tear,190,397,308,488
237_png_jpg.rf.2713fb9e1969377d8346f7118c55fdcd.jpg,640,640,tear,474,332,526,339
237_png_jpg.rf.2713fb9e1969377d8346f7118c55fdcd.jpg,640,640,tear,521,322,553,333
130_jpg.rf.25451b45b009615e3c4981a3b754586e.jpg,640,640,tear,283,184,389,322
77_jpg.rf.259af4e29986d8b5c5d0a09366052e0a.jpg,640,640,tear,343,352,397,389
77_jpg.rf.259af4e29986d8b5c5d0a09366052e0a.jpg,640,640,tear,392,434,424,470
77_jpg.rf.259af4e29986d8b5c5d0a09366052e0a.jpg,640,640,tear,221,355,307,420
106_jpg.rf.283bbc66813fd7a9f2012e1d1c8c56bd.jpg,640,640,tear,388,310,432,411
106_jpg.rf.283bbc66813fd7a9f2012e1d1c8c56bd.jpg,640,640,tear,317,350,362,454
106_jpg.rf.283bbc66813fd7a9f2012e1d1c8c56bd.jpg,640,640,tear,276,412,323,440
5__jpg.rf.28180e0e478c4b6bf0d95bebbb8c456e.jpg,640,640,tear,372,395,513,468
5__jpg.rf.28180e0e478c4b6bf0d95bebbb8c456e.jpg,640,640,tear,242,213,355,272
5__jpg.rf.28180e0e478c4b6bf0d95bebbb8c456e.jpg,640,640,tear,543,366,608,465
16_jpg.rf.253fa754d42b2c3eceda59038d2d4077.jpg,640,640,tear,209,387,321,468
330_jpg.rf.25077b4be018708ed0cd97ad12793013.jpg,640,640,tear,221,267,324,435
191_jpg.rf.2504632567531782a23e2a6802ab663c.jpg,640,640,tear,281,232,336,262
191_jpg.rf.2504632567531782a23e2a6802ab663c.jpg,640,640,tear,265,129,300,191
18_jpg.rf.26e14d5dd234f5801cb50fbf95117cf7.jpg,640,640,tear,292,308,345,405
202_jpg.rf.243eaed2a61d32545138428d2dc66157.jpg,640,640,tear,194,280,223,455
266_jpg.rf.288a0f5ab421d71446b31963f98476b0.jpg,640,640,tear,278,185,312,408
266_jpg.rf.288a0f5ab421d71446b31963f98476b0.jpg,640,640,tear,332,294,358,447
169_jpg.rf.28f5eb1af387dcda0b387149a0ee0fdb.jpg,640,640,tear,237,260,278,330
140_jpg.rf.28aca457b278edbc5796b6298024cddd.jpg,640,640,tear,313,356,370,450
167_jpg.rf.297fdd79c5b210b429dc7975ce585189.jpg,640,640,tear,278,362,326,401
257_jpg.rf.2cab6689be59d9be93e5b61f619db690.jpg,640,640,tear,343,283,372,385
159_jpg.rf.29306ab7e30b21d65835a0ee6938a651.jpg,640,640,tear,260,338,323,374
21_jpg.rf.283b6dcb52f1cd23dd65967156319f82.jpg,640,640,tear,301,298,341,402
35_jpg.rf.2a451f6bb2fd4646db6c63359d807c27.jpg,640,640,tear,127,120,164,385
23_jpg.rf.2acd66d454a66b97deb2fd3c1e7454b2.jpg,640,640,tear,370,256,450,402
138_jpg.rf.2b35f85a843168a6d7aad8b98e7d970a.jpg,640,640,tear,250,119,354,214
138_jpg.rf.2b35f85a843168a6d7aad8b98e7d970a.jpg,640,640,tear,270,222,346,436
65_jpg.rf.27b1ede63ee23d03cbfbc9f15b5547cc.jpg,640,640,tear,338,325,469,401
123_jpg.rf.279c80207f5d52fa26b2e5ec30dde792.jpg,640,640,tear,273,378,365,408
123_jpg.rf.279c80207f5d52fa26b2e5ec30dde792.jpg,640,640,tear,393,224,426,324
11_jpg.rf.2a50cdbef46bff009a61e896a6867016.jpg,640,640,tear,131,362,253,395
160_jpg.rf.2a1ab57b8ee86f15b080197bc139d907.jpg,640,640,tear,300,425,381,476
161_jpg.rf.297ac58ed4259c86d8729511bba85cbb.jpg,640,640,tear,305,402,396,447
115_jpg.rf.2defe58a0905613c4ca9612cc6c334a5.jpg,640,640,tear,236,286,309,369
115_jpg.rf.2defe58a0905613c4ca9612cc6c334a5.jpg,640,640,tear,145,293,197,374
119_jpg.rf.2d712d7a34ce1a911e38040881984d3e.jpg,640,640,tear,312,225,380,283
119_jpg.rf.2d712d7a34ce1a911e38040881984d3e.jpg,640,640,tear,184,227,270,382
216_png_jpg.rf.2d3637516ce5891d846d9eb452c4450d.jpg,640,640,tear,297,321,335,337
334_jpg.rf.290f107cc0cf1239bf26165775345a67.jpg,640,640,tear,295,302,371,443
334_jpg.rf.290f107cc0cf1239bf26165775345a67.jpg,640,640,tear,245,81,366,151
264_jpg.rf.2d84d4a2c30ed2eb99aa64c1d35c544d.jpg,640,640,tear,432,190,518,367
26_jpg.rf.2cc7acf7ef45a6f818f740749afb808f.jpg,640,640,tear,209,255,266,346
26_jpg.rf.2cc7acf7ef45a6f818f740749afb808f.jpg,640,640,tear,284,346,392,378
135_jpg.rf.2d4dc7848fc6a7b23ddc36d3df9e8423.jpg,640,640,tear,261,337,358,377
65_jpg.rf.2b4a247448014d6f3a53fb972ff048bc.jpg,640,640,tear,338,325,469,401
43_jpg.rf.2c46f1f79c972352c304b8ed1d605b84.jpg,640,640,tear,149,369,292,435
135_jpg.rf.2f7e6370a55d5797285be0d72d9082bd.jpg,640,640,tear,222,348,428,561
177_jpg.rf.2ece9992f1ed86f6ebb3088c8823bd9e.jpg,640,640,tear,336,326,361,417
128_jpg.rf.2c0ff5cd38775e0b33a20112960b2ddb.jpg,640,640,tear,270,324,370,373
43_jpg.rf.2fb33c4065549c3ac92f7c7060a3e4da.jpg,640,640,tear,149,369,292,435
207_jpg.rf.2ebfe477a8b33816725ec2332fdcc1f0.jpg,640,640,tear,304,317,361,445
224_png_jpg.rf.2f7fc5390dd9a1671a66ebf9d449ee03.jpg,640,640,tear,269,340,303,350
46_jpg.rf.2e53a8eeaaa7a6ebcc41c2d48b8afe56.jpg,640,640,tear,256,165,434,202
46_jpg.rf.2e53a8eeaaa7a6ebcc41c2d48b8afe56.jpg,640,640,tear,241,358,443,402
75_jpg.rf.2fb55f3024df0d502f1bc83dd93fd47c.jpg,640,640,tear,222,338,247,422
75_jpg.rf.2fb55f3024df0d502f1bc83dd93fd47c.jpg,640,640,tear,334,422,391,472
101_jpg.rf.2fa305852f52442f188e884e7739a789.jpg,640,640,tear,297,426,361,526
16_jpg.rf.2fa76b170315e7509d2837760f629c29.jpg,640,640,tear,288,305,322,388
205_jpg.rf.2ed55bd3f160f257780936e79c8653e3.jpg,640,640,tear,299,376,342,453
22_jpg.rf.30c6c5e5bf2f65412fedf25336c4b50c.jpg,640,640,tear,395,312,451,430
8_jpg.rf.30ea16ff19ce55675f7dd9ca1f359b39.jpg,640,640,tear,314,274,375,306
235_png_jpg.rf.2efa304b43e1cb4b16e37f8a27924e46.jpg,640,640,tear,428,298,477,334
177_jpg.rf.314ae9a4ecc40934db0b4925b3275841.jpg,640,640,tear,336,326,361,417
14_jpg.rf.325fe9f06f91148fae395e24d75c4b85.jpg,640,640,tear,310,89,465,243
205_jpg.rf.32324e58a3ac1882c0fb1c8b2a8db024.jpg,640,640,tear,299,376,342,453
132_jpg.rf.30c455646ac392767046b2cd67132407.jpg,640,640,tear,222,323,354,365
17_jpg.rf.2e21dad0e29a5a3413fefb9132b749c6.jpg,640,640,tear,170,215,237,360
19_jpg.rf.31b72d9ce4ffe5d3ee308ee2a7e174d3.jpg,640,640,tear,160,347,411,379
19_jpg.rf.31b72d9ce4ffe5d3ee308ee2a7e174d3.jpg,640,640,tear,271,475,403,528
116_jpg.rf.308d48fd23579bb0e51c7a09eaa994fc.jpg,640,640,tear,288,296,413,365
14_jpg.rf.32496b368495df8b99b852a77e288c2b.jpg,640,640,tear,310,89,465,243
321_jpg.rf.2fd33c4572bfb730de2c307fb036dad7.jpg,640,640,tear,239,436,345,482
11_jpg.rf.329cc43a0020f954eaf504a429c65578.jpg,640,640,tear,131,362,253,395
159_jpg.rf.32591d0925a4371504743240cb6039f8.jpg,640,640,tear,260,338,323,374
105_jpg.rf.3149a20ecd42066af56aababc4e207d0.jpg,640,640,tear,224,366,383,496